관측소명,시간,수위
도 림 교,2003-06-28 12:00,5.34 
도 림 교,2003-06-28 12:10,5.34 
도 림 교,2003-06-28 12:20,5.34 
도 림 교,2003-06-28 12:30,5.34 
도 림 교,2003-06-28 12:40,5.34 
도 림 교,2003-06-28 12:50,5.34 
도 림 교,2003-06-28 13:00,5.34 
도 림 교,2003-06-28 13:10,5.34 
도 림 교,2003-06-28 13:20,5.34 
도 림 교,2003-06-28 13:30,5.34 
도 림 교,2003-06-28 13:40,5.34 
도 림 교,2003-06-28 13:50,5.34 
도 림 교,2003-06-28 14:00,5.34 
도 림 교,2003-06-28 14:10,5.34 
도 림 교,2003-06-28 14:20,5.34 
도 림 교,2003-06-28 14:30,5.34 
도 림 교,2003-06-28 14:40,5.34 
도 림 교,2003-06-28 14:50,5.34 
도 림 교,2003-06-28 15:00,5.34 
도 림 교,2003-06-28 15:10,5.35 
도 림 교,2003-06-28 15:20,5.36 
도 림 교,2003-06-28 15:30,5.36 
도 림 교,2003-06-28 15:40,5.37 
도 림 교,2003-06-28 15:50,5.37 
도 림 교,2003-06-28 16:00,5.37 
도 림 교,2003-06-28 16:10,5.37 
도 림 교,2003-06-28 16:20,5.37 
도 림 교,2003-06-28 16:30,5.37 
도 림 교,2003-06-28 16:40,5.37 
도 림 교,2003-06-28 16:50,5.37 
도 림 교,2003-06-28 17:00,5.37 
도 림 교,2003-06-28 17:10,5.36 
도 림 교,2003-06-28 17:20,5.36 
도 림 교,2003-06-28 17:30,5.36 
도 림 교,2003-06-28 17:40,5.35 
도 림 교,2003-06-28 17:50,5.35 
도 림 교,2003-06-28 18:00,5.35 
도 림 교,2003-06-28 18:10,5.36 
도 림 교,2003-06-28 18:20,5.35 
도 림 교,2003-06-28 18:31,5.36 
도 림 교,2003-06-28 18:40,5.36 
도 림 교,2003-06-28 18:50,5.36 
도 림 교,2003-06-28 19:00,5.35 
도 림 교,2003-06-28 19:10,5.35 
도 림 교,2003-06-28 19:20,5.34 
도 림 교,2003-06-28 19:30,5.34 
도 림 교,2003-06-28 19:40,5.34 
도 림 교,2003-06-28 19:50,5.35 
도 림 교,2003-06-28 20:00,5.35 
도 림 교,2003-06-28 20:10,5.35 
도 림 교,2003-06-28 20:20,5.35 
도 림 교,2003-06-28 20:30,5.35 
도 림 교,2003-06-28 20:40,5.35 
도 림 교,2003-06-28 20:50,5.35 
도 림 교,2003-06-28 21:00,5.35 
도 림 교,2003-06-28 21:10,5.35 
도 림 교,2003-06-28 21:20,5.35 
도 림 교,2003-06-28 21:30,5.35 
도 림 교,2003-06-28 21:40,5.35 
도 림 교,2003-06-28 21:50,5.35 
도 림 교,2003-06-28 22:00,5.35 
도 림 교,2003-06-28 22:10,5.35 
도 림 교,2003-06-28 22:20,5.35 
도 림 교,2003-06-28 22:30,5.35 
도 림 교,2003-06-28 22:40,5.35 
도 림 교,2003-06-28 22:50,5.35 
도 림 교,2003-06-28 23:00,5.35 
도 림 교,2003-06-28 23:10,5.35 
도 림 교,2003-06-28 23:20,5.35 
도 림 교,2003-06-28 23:30,5.35 
도 림 교,2003-06-28 23:40,5.35 
도 림 교,2003-06-28 23:50,5.35 
도 림 교,2003-06-29 00:00,5.35 
도 림 교,2003-06-29 00:10,5.35 
도 림 교,2003-06-29 00:20,5.35 
도 림 교,2003-06-29 00:30,5.35 
도 림 교,2003-06-29 00:40,5.35 
도 림 교,2003-06-29 00:50,5.35 
도 림 교,2003-06-29 01:00,5.35 
도 림 교,2003-06-29 01:10,5.35 
도 림 교,2003-06-29 01:20,5.35 
도 림 교,2003-06-29 01:30,5.35 
도 림 교,2003-06-29 01:40,5.35 
도 림 교,2003-06-29 01:51,5.35 
도 림 교,2003-06-29 02:00,5.35 
도 림 교,2003-06-29 02:10,5.35 
도 림 교,2003-06-29 02:20,5.35 
도 림 교,2003-06-29 02:30,5.35 
도 림 교,2003-06-29 02:40,5.35 
도 림 교,2003-06-29 02:50,5.35 
도 림 교,2003-06-29 03:00,5.35 
도 림 교,2003-06-29 03:10,5.35 
도 림 교,2003-06-29 03:20,5.35 
도 림 교,2003-06-29 03:30,5.35 
도 림 교,2003-06-29 03:40,5.35 
도 림 교,2003-06-29 03:50,5.35 
도 림 교,2003-06-29 04:00,5.35 
도 림 교,2003-06-29 04:10,5.35 
도 림 교,2003-06-29 04:20,5.35 
도 림 교,2003-07-23 17:24,8.30 
도 림 교,2003-07-23 17:30,8.30 
도 림 교,2003-07-23 17:40,8.30 
도 림 교,2003-07-23 17:50,8.30 
도 림 교,2003-07-23 18:00,8.29 
도 림 교,2003-07-23 18:10,8.29 
도 림 교,2003-07-23 18:20,8.30 
도 림 교,2003-07-23 18:30,8.30 
도 림 교,2003-07-23 18:40,8.30 
도 림 교,2003-07-23 18:50,8.30 
도 림 교,2003-07-23 19:00,8.30 
도 림 교,2003-07-23 19:10,8.29 
도 림 교,2003-07-23 19:20,8.29 
도 림 교,2003-07-23 19:30,8.29 
도 림 교,2003-07-23 19:40,8.29 
도 림 교,2003-07-23 19:50,8.28 
도 림 교,2003-07-23 20:00,8.28 
도 림 교,2003-07-23 20:10,8.28 
도 림 교,2003-07-23 20:20,8.28 
도 림 교,2003-07-23 20:30,8.28 
도 림 교,2003-07-23 20:40,8.28 
도 림 교,2003-07-23 20:50,8.28 
도 림 교,2003-07-23 21:00,8.28 
도 림 교,2003-07-23 21:10,8.28 
도 림 교,2003-07-23 21:20,8.28 
도 림 교,2003-07-23 21:30,8.27 
도 림 교,2003-07-23 21:40,8.27 
도 림 교,2003-07-23 21:50,8.27 
도 림 교,2003-07-23 22:00,8.27 
도 림 교,2003-07-23 22:10,8.27 
도 림 교,2003-07-23 22:20,8.27 
도 림 교,2003-07-23 22:30,8.27 
도 림 교,2003-07-23 22:40,8.27 
도 림 교,2003-07-23 22:50,8.27 
도 림 교,2003-07-23 23:00,8.27 
도 림 교,2003-07-23 23:10,8.27 
도 림 교,2003-07-23 23:20,8.27 
도 림 교,2003-07-23 23:30,8.27 
도 림 교,2003-07-23 23:40,8.27 
도 림 교,2003-07-23 23:50,8.27 
도 림 교,2003-07-24 00:00,8.27 
도 림 교,2003-07-24 00:10,8.27 
도 림 교,2003-07-24 00:20,8.27 
도 림 교,2003-07-24 00:30,8.26 
도 림 교,2003-07-24 00:40,8.26 
도 림 교,2003-07-24 00:50,8.26 
도 림 교,2003-07-24 01:00,8.26 
도 림 교,2003-07-24 01:10,8.26 
도 림 교,2003-07-24 01:20,8.26 
도 림 교,2003-07-24 01:30,8.26 
도 림 교,2003-07-24 01:40,8.26 
도 림 교,2003-07-24 01:51,8.26 
도 림 교,2003-07-24 02:00,8.26 
도 림 교,2003-07-24 02:10,8.26 
도 림 교,2003-07-24 02:20,8.26 
도 림 교,2003-07-24 02:30,8.26 
도 림 교,2003-07-24 02:40,8.26 
도 림 교,2003-07-24 02:50,8.26 
도 림 교,2003-07-24 03:00,8.26 
도 림 교,2003-07-24 03:10,8.26 
도 림 교,2003-07-24 03:20,8.26 
도 림 교,2003-07-24 03:30,8.26 
도 림 교,2003-07-24 03:40,8.25 
도 림 교,2003-07-24 03:50,8.25 
도 림 교,2003-07-24 04:00,8.25 
도 림 교,2003-07-24 04:10,8.25 
도 림 교,2003-07-24 04:20,8.25 
도 림 교,2003-07-24 04:30,8.25 
도 림 교,2003-07-24 04:40,8.25 
도 림 교,2003-07-24 04:50,8.25 
도 림 교,2003-07-24 05:02,8.25 
도 림 교,2003-07-24 05:10,8.25 
도 림 교,2003-07-24 05:20,8.25 
도 림 교,2003-07-24 05:30,8.25 
도 림 교,2003-07-24 05:40,8.25 
도 림 교,2003-07-24 05:50,8.25 
도 림 교,2003-07-24 06:00,8.25 
도 림 교,2003-07-24 06:10,8.25 
도 림 교,2003-07-24 06:20,8.25 
도 림 교,2003-07-24 06:30,8.25 
도 림 교,2003-07-24 06:40,8.25 
도 림 교,2003-07-24 06:50,8.24 
도 림 교,2003-07-24 07:00,8.24 
도 림 교,2003-07-24 07:10,8.24 
도 림 교,2003-07-24 07:20,8.24 
도 림 교,2003-07-24 07:30,8.24 
도 림 교,2003-07-24 07:40,8.24 
도 림 교,2003-07-24 07:50,8.24 
도 림 교,2003-07-24 08:00,8.24 
도 림 교,2003-07-24 08:10,8.24 
도 림 교,2003-07-24 08:20,8.24 
도 림 교,2003-07-24 08:30,8.24 
도 림 교,2003-07-24 08:40,8.24 
도 림 교,2003-07-24 08:50,8.24 
도 림 교,2003-07-24 09:00,8.24 
도 림 교,2003-07-24 09:10,8.24 
도 림 교,2003-07-24 09:20,8.24 
도 림 교,2003-07-24 09:30,8.24 
도 림 교,2003-07-24 09:40,8.24 
도 림 교,2003-07-24 09:50,8.24 
도 림 교,2003-07-24 10:00,8.24 
도 림 교,2003-07-24 10:10,8.24 
도 림 교,2003-07-24 10:20,8.24 
도 림 교,2003-07-24 10:30,8.24 
도 림 교,2003-07-24 10:40,8.24 
도 림 교,2003-07-24 10:50,8.24 
도 림 교,2003-07-24 11:00,8.24 
도 림 교,2003-07-24 11:10,8.24 
도 림 교,2003-07-24 11:20,8.24 
도 림 교,2003-07-24 11:30,8.24 
도 림 교,2003-07-24 11:40,8.24 
도 림 교,2003-07-24 11:50,8.23 
도 림 교,2003-07-24 12:00,8.24 
도 림 교,2003-07-24 12:10,8.23 
도 림 교,2003-07-24 12:20,8.23 
도 림 교,2003-07-24 12:30,8.23 
도 림 교,2003-07-24 12:40,8.23 
도 림 교,2003-07-24 12:50,8.23 
도 림 교,2003-07-24 13:00,8.23 
도 림 교,2003-07-24 13:10,8.23 
도 림 교,2003-07-24 13:20,8.23 
도 림 교,2003-07-24 13:30,8.23 
도 림 교,2003-07-24 13:40,8.23 
도 림 교,2003-07-24 13:50,8.23 
도 림 교,2003-07-24 14:00,8.23 
도 림 교,2003-07-24 14:10,8.23 
도 림 교,2003-07-24 14:20,8.23 
도 림 교,2003-07-24 14:30,8.23 
도 림 교,2003-07-24 14:40,8.23 
도 림 교,2003-07-24 14:50,8.23 
도 림 교,2003-07-24 15:00,8.23 
도 림 교,2003-07-24 15:10,8.23 
도 림 교,2003-07-24 15:20,8.23 
도 림 교,2003-07-24 15:30,8.23 
도 림 교,2003-07-24 15:40,8.23 
도 림 교,2003-07-24 15:50,8.23 
도 림 교,2003-07-24 16:00,8.23 
도 림 교,2003-07-24 16:10,8.23 
도 림 교,2003-07-24 16:20,8.23 
도 림 교,2003-07-24 16:30,8.23 
도 림 교,2003-07-24 16:40,8.23 
도 림 교,2003-07-24 16:50,8.23 
도 림 교,2003-07-24 17:00,8.23 
도 림 교,2003-07-24 17:10,8.23 
도 림 교,2003-07-24 17:20,8.23 
도 림 교,2003-07-24 17:30,8.23 
도 림 교,2003-07-24 17:40,8.23 
도 림 교,2003-07-24 17:50,8.23 
도 림 교,2003-07-24 18:00,8.23 
도 림 교,2003-07-24 18:10,8.22 
도 림 교,2003-07-24 18:20,8.22 
도 림 교,2003-07-24 18:30,8.22 
도 림 교,2003-07-24 18:40,8.22 
도 림 교,2003-07-24 18:50,8.22 
도 림 교,2003-07-24 19:00,8.22 
도 림 교,2003-07-24 19:10,8.22 
도 림 교,2003-07-24 19:20,8.22 
도 림 교,2003-07-24 19:30,8.22 
도 림 교,2003-07-24 19:40,8.22 
도 림 교,2003-07-24 19:50,8.22 
도 림 교,2003-07-24 20:00,8.22 
도 림 교,2003-07-24 20:10,8.21 
도 림 교,2003-07-24 20:20,8.21 
도 림 교,2003-07-24 20:30,8.21 
도 림 교,2003-07-24 20:40,8.21 
도 림 교,2003-07-24 20:50,8.21 
도 림 교,2003-07-24 21:00,8.21 
도 림 교,2003-07-24 21:10,8.21 
도 림 교,2003-07-24 21:20,8.21 
도 림 교,2003-07-24 21:30,8.21 
도 림 교,2003-07-24 21:40,8.21 
도 림 교,2003-07-24 21:50,8.21 
도 림 교,2003-07-24 22:00,8.21 
도 림 교,2003-07-24 22:10,8.21 
도 림 교,2003-07-24 22:20,8.21 
도 림 교,2003-07-24 22:30,8.21 
도 림 교,2003-07-24 22:40,8.21 
도 림 교,2003-07-24 22:50,8.21 
도 림 교,2003-07-24 23:00,8.21 
도 림 교,2003-07-24 23:10,8.21 
도 림 교,2003-07-24 23:20,8.20 
도 림 교,2003-07-24 23:30,8.20 
도 림 교,2003-07-24 23:40,8.20 
도 림 교,2003-07-24 23:50,8.20 
도 림 교,2003-07-25 00:00,8.20 
도 림 교,2003-07-25 00:10,8.20 
도 림 교,2003-07-25 00:20,8.20 
도 림 교,2003-07-25 00:30,8.20 
도 림 교,2003-07-25 00:40,8.20 
도 림 교,2003-07-25 00:50,8.20 
도 림 교,2003-07-25 01:00,8.20 
도 림 교,2003-07-25 01:10,8.20 
도 림 교,2003-07-25 01:20,8.20 
도 림 교,2003-07-25 01:30,8.20 
도 림 교,2003-07-25 01:40,8.20 
도 림 교,2003-07-25 01:50,8.20 
도 림 교,2003-08-11 11:07,7.98 
도 림 교,2003-08-11 11:10,7.98 
도 림 교,2003-08-11 11:20,7.98 
도 림 교,2003-08-11 11:32,7.98 
도 림 교,2003-08-11 11:40,7.98 
도 림 교,2003-08-11 11:50,7.98 
도 림 교,2003-08-11 12:00,7.98 
도 림 교,2003-08-11 12:10,7.98 
도 림 교,2003-08-11 12:20,7.98 
도 림 교,2003-08-11 12:30,7.98 
도 림 교,2003-08-11 12:40,7.98 
도 림 교,2003-08-11 12:50,7.98 
도 림 교,2003-08-11 13:00,7.98 
도 림 교,2003-08-11 13:10,7.98 
도 림 교,2003-08-11 13:20,7.98 
도 림 교,2003-08-11 13:30,7.98 
도 림 교,2003-08-11 13:40,7.98 
도 림 교,2003-08-11 13:50,7.98 
도 림 교,2003-08-11 14:00,7.98 
도 림 교,2003-08-11 14:10,7.98 
도 림 교,2003-08-11 14:20,7.98 
도 림 교,2003-08-11 14:30,7.98 
도 림 교,2003-08-11 14:40,7.98 
도 림 교,2003-08-11 14:50,7.98 
도 림 교,2003-08-11 15:00,7.98 
도 림 교,2003-08-11 15:10,7.98 
도 림 교,2003-08-11 15:20,7.98 
도 림 교,2003-08-11 15:30,7.98 
도 림 교,2003-08-11 15:40,7.98 
도 림 교,2003-08-11 15:50,7.98 
도 림 교,2003-08-11 16:00,7.99 
도 림 교,2003-08-11 16:10,7.99 
도 림 교,2003-08-11 16:20,7.99 
도 림 교,2003-08-11 16:30,7.99 
도 림 교,2003-08-11 16:40,7.99 
도 림 교,2003-08-11 16:50,7.99 
도 림 교,2003-08-11 17:00,7.99 
도 림 교,2003-08-11 17:10,7.99 
도 림 교,2003-08-11 17:20,7.99 
도 림 교,2003-08-11 17:30,7.99 
도 림 교,2003-08-11 17:40,7.99 
도 림 교,2003-08-11 17:50,7.99 
도 림 교,2003-08-11 18:00,7.99 
도 림 교,2003-08-11 18:11,7.99 
도 림 교,2003-08-11 18:20,7.99 
도 림 교,2003-08-11 18:30,7.99 
도 림 교,2003-08-11 18:40,7.98 
도 림 교,2003-08-11 18:50,7.98 
도 림 교,2003-08-11 19:00,7.98 
도 림 교,2003-08-11 19:10,7.98 
도 림 교,2003-08-11 19:20,7.98 
도 림 교,2003-08-11 19:30,7.98 
도 림 교,2003-08-11 19:40,7.98 
도 림 교,2003-08-11 19:50,7.98 
도 림 교,2003-08-11 20:00,7.98 
도 림 교,2003-08-11 20:10,7.98 
도 림 교,2003-08-11 20:20,7.98 
도 림 교,2003-08-11 20:30,7.98 
도 림 교,2003-08-11 20:40,7.98 
도 림 교,2003-08-11 20:50,7.98 
도 림 교,2003-08-11 21:00,7.97 
도 림 교,2003-08-11 21:10,7.97 
도 림 교,2003-08-11 21:20,7.97 
도 림 교,2003-08-11 21:30,7.97 
도 림 교,2003-08-11 21:40,7.97 
도 림 교,2003-08-11 21:50,7.97 
도 림 교,2003-08-11 22:00,7.97 
도 림 교,2003-08-11 22:10,7.97 
도 림 교,2003-08-11 22:20,7.97 
도 림 교,2003-08-11 22:30,7.97 
도 림 교,2003-08-11 22:40,7.97 
도 림 교,2003-08-11 22:50,7.97 
도 림 교,2003-08-11 23:00,7.97 
도 림 교,2003-08-11 23:10,7.97 
도 림 교,2003-08-11 23:20,7.97 
도 림 교,2003-08-11 23:30,7.97 
도 림 교,2003-08-11 23:40,7.97 
도 림 교,2003-08-11 23:50,7.97 
도 림 교,2003-08-12 00:00,7.97 
도 림 교,2003-08-12 00:10,7.97 
도 림 교,2003-08-12 00:20,7.97 
도 림 교,2003-08-12 00:30,7.97 
도 림 교,2003-08-12 00:40,7.97 
도 림 교,2003-08-12 00:50,7.97 
도 림 교,2003-08-12 01:00,7.97 
도 림 교,2003-08-12 01:10,7.97 
도 림 교,2003-08-12 01:20,7.97 
도 림 교,2003-08-12 01:30,7.97 
도 림 교,2003-08-12 01:41,7.97 
도 림 교,2003-08-12 01:50,7.97 
도 림 교,2003-08-12 02:00,7.97 
도 림 교,2003-08-12 02:10,7.97 
도 림 교,2003-08-12 02:20,7.97 
도 림 교,2003-08-12 02:30,7.97 
도 림 교,2003-08-12 02:40,7.97 
도 림 교,2003-08-12 02:50,7.97 
도 림 교,2003-08-12 03:00,7.97 
도 림 교,2003-08-12 03:11,7.97 
도 림 교,2003-08-12 03:20,7.97 
도 림 교,2003-08-12 03:30,7.97 
도 림 교,2003-08-12 03:40,7.97 
도 림 교,2003-08-12 03:50,7.97 
도 림 교,2003-08-12 04:00,7.97 
도 림 교,2003-08-12 04:10,7.97 
도 림 교,2003-08-12 04:20,7.97 
도 림 교,2003-08-12 04:31,7.97 
도 림 교,2003-08-12 04:40,7.97 
도 림 교,2003-08-12 04:50,7.97 
도 림 교,2003-08-12 05:00,7.97 
도 림 교,2003-08-12 05:10,7.97 
도 림 교,2003-08-12 05:20,7.97 
도 림 교,2003-08-12 05:30,7.97 
도 림 교,2003-08-12 05:40,7.97 
도 림 교,2003-08-12 05:50,7.97 
도 림 교,2003-08-12 06:00,7.97 
도 림 교,2003-08-12 06:10,7.97 
도 림 교,2003-08-12 06:20,7.97 
도 림 교,2003-08-12 06:30,7.97 
도 림 교,2003-08-12 06:40,7.97 
도 림 교,2003-08-12 06:50,7.97 
도 림 교,2003-08-12 07:00,7.97 
도 림 교,2003-08-12 07:10,7.97 
도 림 교,2003-08-12 07:20,7.97 
도 림 교,2003-08-12 07:30,7.97 
도 림 교,2003-08-12 07:40,7.97 
도 림 교,2003-08-12 07:50,7.97 
도 림 교,2003-08-12 08:00,7.97 
도 림 교,2003-08-12 08:10,7.97 
도 림 교,2003-08-12 08:20,7.97 
도 림 교,2003-08-12 08:30,7.97 
도 림 교,2003-08-12 08:42,7.97 
도 림 교,2003-08-12 08:50,7.97 
도 림 교,2003-08-12 09:00,7.97 
도 림 교,2003-08-12 09:10,7.97 
도 림 교,2003-08-12 09:20,7.97 
도 림 교,2003-08-12 09:30,7.97 
도 림 교,2003-08-12 09:40,7.97 
도 림 교,2003-08-12 09:50,7.97 
도 림 교,2003-08-12 10:00,7.97 
도 림 교,2003-08-12 10:10,7.97 
도 림 교,2003-08-12 10:20,7.97 
도 림 교,2003-08-12 10:30,7.97 
도 림 교,2003-08-12 10:40,7.97 
도 림 교,2003-08-12 10:50,7.97 
도 림 교,2003-08-12 11:00,7.97 
도 림 교,2003-08-12 12:06,7.97 
도 림 교,2003-08-12 12:10,7.97 
도 림 교,2003-08-12 12:20,7.97 
도 림 교,2003-08-12 12:30,7.97 
도 림 교,2003-08-12 12:40,7.97 
도 림 교,2003-08-12 12:50,7.97 
도 림 교,2003-08-12 13:00,7.97 
도 림 교,2003-08-12 13:10,7.97 
도 림 교,2003-08-12 13:20,7.97 
도 림 교,2003-08-12 13:30,7.97 
도 림 교,2003-08-12 13:40,7.97 
도 림 교,2003-08-12 13:50,7.97 
도 림 교,2003-08-12 14:00,7.97 
도 림 교,2003-08-12 14:10,7.97 
도 림 교,2003-08-12 14:20,7.97 
도 림 교,2003-08-12 14:30,7.98 
도 림 교,2003-08-12 14:40,7.98 
도 림 교,2003-08-12 14:50,7.98 
도 림 교,2003-08-12 15:01,7.98 
도 림 교,2003-08-12 15:10,7.98 
도 림 교,2003-08-12 15:20,7.98 
도 림 교,2003-08-12 15:30,7.98 
도 림 교,2003-08-12 15:40,7.98 
도 림 교,2003-08-12 16:15,7.99 
도 림 교,2003-08-12 16:20,7.99 
도 림 교,2003-08-12 16:30,7.99 
도 림 교,2003-08-12 16:40,7.99 
도 림 교,2003-08-12 16:50,7.99 
도 림 교,2003-08-12 17:00,7.99 
도 림 교,2003-08-12 17:10,7.99 
도 림 교,2003-08-12 17:20,7.99 
도 림 교,2003-08-12 17:30,7.99 
도 림 교,2003-08-12 17:40,7.99 
도 림 교,2003-08-12 17:50,7.99 
도 림 교,2003-08-12 18:00,7.99 
도 림 교,2003-08-12 18:10,7.98 
도 림 교,2003-08-12 18:20,7.98 
도 림 교,2003-08-12 18:30,7.98 
도 림 교,2003-08-12 18:40,7.98 
도 림 교,2003-08-12 18:50,7.98 
도 림 교,2003-08-12 19:00,7.98 
도 림 교,2003-08-12 19:10,7.98 
도 림 교,2003-08-12 19:20,7.97 
도 림 교,2003-08-12 19:30,7.97 
도 림 교,2003-08-12 19:40,7.97 
도 림 교,2003-08-12 19:50,7.97 
도 림 교,2003-08-12 20:00,7.97 
도 림 교,2003-08-12 20:10,7.97 
도 림 교,2003-08-12 20:20,7.97 
도 림 교,2003-08-12 20:30,7.97 
도 림 교,2003-08-12 20:40,7.97 
도 림 교,2003-08-12 20:50,7.97 
도 림 교,2003-08-12 21:00,7.97 
도 림 교,2003-08-12 21:10,7.97 
도 림 교,2003-08-12 21:20,7.97 
도 림 교,2003-08-12 21:30,7.97 
도 림 교,2003-08-12 21:40,7.97 
도 림 교,2003-08-12 21:50,7.97 
도 림 교,2003-08-12 22:00,7.97 
도 림 교,2003-08-12 22:10,7.97 
도 림 교,2003-08-12 22:20,7.97 
도 림 교,2003-08-12 22:30,7.97 
도 림 교,2003-08-12 22:40,7.97 
도 림 교,2003-08-12 22:50,7.97 
도 림 교,2003-08-12 23:00,7.97 
도 림 교,2003-08-12 23:10,7.97 
도 림 교,2003-08-12 23:20,7.97 
도 림 교,2003-08-12 23:30,7.97 
도 림 교,2003-08-12 23:40,7.97 
도 림 교,2003-08-12 23:50,7.97 
도 림 교,2003-08-13 00:00,7.97 
도 림 교,2003-08-13 00:10,7.97 
도 림 교,2003-08-13 00:20,7.97 
도 림 교,2003-08-13 00:30,7.97 
도 림 교,2003-08-13 00:40,7.97 
도 림 교,2003-08-13 00:50,7.97 
도 림 교,2003-08-13 01:00,7.97 
도 림 교,2003-08-13 01:10,7.97 
도 림 교,2003-08-13 01:20,7.97 
도 림 교,2003-08-13 01:30,7.97 
도 림 교,2003-08-13 01:40,7.97 
도 림 교,2003-08-13 01:50,7.96 
도 림 교,2003-08-13 02:00,7.96 
도 림 교,2003-08-13 02:10,7.96 
도 림 교,2003-08-13 02:20,7.96 
도 림 교,2003-08-13 02:30,7.96 
도 림 교,2003-08-13 02:40,7.96 
도 림 교,2003-08-13 02:50,7.96 
도 림 교,2003-08-13 03:00,7.96 
도 림 교,2003-08-13 03:10,7.96 
도 림 교,2003-08-13 03:20,7.96 
도 림 교,2003-08-13 03:30,7.96 
도 림 교,2003-08-13 03:40,7.96 
도 림 교,2003-08-13 03:51,7.96 
도 림 교,2003-08-13 04:00,7.96 
도 림 교,2003-08-13 04:10,7.96 
도 림 교,2003-08-13 04:20,7.96 
도 림 교,2003-08-13 04:30,7.96 
도 림 교,2003-08-13 04:40,7.96 
도 림 교,2003-08-13 04:50,7.96 
도 림 교,2003-08-13 05:00,7.96 
도 림 교,2003-08-13 05:10,7.96 
도 림 교,2003-08-13 05:20,7.96 
도 림 교,2003-08-13 05:30,7.96 
도 림 교,2003-08-13 05:40,7.96 
도 림 교,2003-08-13 05:50,7.96 
도 림 교,2003-08-13 06:00,7.96 
도 림 교,2003-08-13 06:10,7.96 
도 림 교,2003-08-13 06:20,7.96 
도 림 교,2003-08-13 06:30,7.96 
도 림 교,2003-08-13 06:40,7.96 
도 림 교,2003-08-13 06:50,7.96 
도 림 교,2003-08-13 07:00,7.96 
도 림 교,2003-08-13 07:10,7.96 
도 림 교,2003-08-13 07:20,7.96 
도 림 교,2003-08-13 07:30,7.97 
도 림 교,2003-08-13 07:40,7.96 
도 림 교,2003-08-13 07:50,7.96 
도 림 교,2003-08-13 08:01,7.96 
도 림 교,2003-08-13 08:10,7.96 
도 림 교,2003-08-13 08:21,7.96 
도 림 교,2003-08-13 08:30,7.96 
도 림 교,2003-08-13 08:40,7.96 
도 림 교,2003-08-13 08:50,7.97 
도 림 교,2003-08-13 09:00,7.97 
도 림 교,2003-08-13 09:10,7.97 
도 림 교,2003-08-13 09:20,7.97 
도 림 교,2003-08-13 09:30,7.97 
도 림 교,2003-08-13 09:40,7.97 
도 림 교,2003-08-13 09:50,7.97 
도 림 교,2003-08-13 10:00,7.97 
도 림 교,2003-08-13 10:10,7.97 
도 림 교,2003-08-13 10:20,7.97 
도 림 교,2003-08-13 14:56,7.97 
도 림 교,2003-08-13 15:00,7.97 
도 림 교,2003-08-13 15:10,7.97 
도 림 교,2003-08-13 15:20,7.97 
도 림 교,2003-08-13 15:30,7.97 
도 림 교,2003-08-13 15:40,7.97 
도 림 교,2003-08-13 15:50,7.97 
도 림 교,2003-08-14 12:18,7.96 
도 림 교,2003-08-14 12:20,7.96 
도 림 교,2003-08-14 12:30,7.96 
도 림 교,2003-08-14 12:40,7.96 
도 림 교,2003-08-14 12:50,7.96 
도 림 교,2003-08-14 13:00,7.96 
도 림 교,2003-08-14 13:10,7.96 
도 림 교,2003-08-14 13:20,7.96 
도 림 교,2003-08-14 13:30,7.96 
도 림 교,2003-08-14 13:40,7.96 
도 림 교,2003-08-14 13:50,7.96 
도 림 교,2003-08-14 14:00,7.96 
도 림 교,2003-08-14 14:10,7.96 
도 림 교,2003-08-14 14:20,7.96 
도 림 교,2003-08-14 14:30,7.96 
도 림 교,2003-08-14 14:40,7.96 
도 림 교,2003-08-14 14:50,7.96 
도 림 교,2003-08-14 15:00,7.96 
도 림 교,2003-08-14 15:10,7.96 
도 림 교,2003-08-14 15:20,7.96 
도 림 교,2003-08-14 15:30,7.96 
도 림 교,2003-08-23 16:55,5.34 
도 림 교,2003-08-23 17:01,5.34 
도 림 교,2003-08-23 17:10,5.54 
도 림 교,2003-08-23 17:20,5.50 
도 림 교,2003-08-23 17:30,5.47 
도 림 교,2003-08-23 17:40,5.44 
도 림 교,2003-08-23 17:50,5.41 
도 림 교,2003-08-23 18:01,5.37 
도 림 교,2003-08-23 18:10,5.35 
도 림 교,2003-08-23 18:20,5.34 
도 림 교,2003-08-23 18:30,5.34 
도 림 교,2003-08-23 18:40,5.34 
도 림 교,2003-08-23 18:50,5.35 
도 림 교,2003-08-23 19:00,5.48 
도 림 교,2003-08-23 19:10,5.58 
도 림 교,2003-08-23 19:20,5.63 
도 림 교,2003-08-23 19:30,5.65 
도 림 교,2003-08-23 19:40,5.62 
도 림 교,2003-08-23 19:50,5.59 
도 림 교,2003-08-23 20:00,5.54 
도 림 교,2003-08-23 20:10,5.50 
도 림 교,2003-08-23 20:20,5.46 
도 림 교,2003-08-23 20:30,5.44 
도 림 교,2003-08-23 20:40,5.44 
도 림 교,2003-08-23 20:50,5.47 
도 림 교,2003-08-23 21:00,5.57 
도 림 교,2003-08-23 21:10,5.69 
도 림 교,2003-08-23 21:20,5.81 
도 림 교,2003-08-23 21:30,5.98 
도 림 교,2003-08-23 21:40,6.15 
도 림 교,2003-08-23 21:50,6.24 
도 림 교,2003-08-23 22:00,6.29 
도 림 교,2003-08-23 22:10,6.29 
도 림 교,2003-08-23 22:20,6.23 
도 림 교,2003-08-23 22:30,6.13 
도 림 교,2003-08-23 22:40,6.04 
도 림 교,2003-08-23 22:50,5.93 
도 림 교,2003-08-23 23:00,5.82 
도 림 교,2003-08-23 23:10,5.76 
도 림 교,2003-08-23 23:20,5.72 
도 림 교,2003-08-23 23:30,5.64 
도 림 교,2003-08-23 23:40,5.55 
도 림 교,2003-08-23 23:50,5.48 
도 림 교,2003-08-24 00:00,5.42 
도 림 교,2003-08-24 00:10,5.37 
도 림 교,2003-08-24 00:21,5.34 
도 림 교,2003-08-24 00:31,5.34 
도 림 교,2003-08-24 00:40,5.34 
도 림 교,2003-08-24 00:50,5.34 
도 림 교,2003-08-24 01:00,5.34 
도 림 교,2003-08-24 01:10,5.34 
도 림 교,2003-08-24 01:20,5.34 
도 림 교,2003-08-24 01:30,5.34 
도 림 교,2003-08-24 01:40,5.35 
도 림 교,2003-09-05 10:47,6.49 
도 림 교,2003-09-05 10:50,6.54 
도 림 교,2003-09-05 11:00,6.61 
도 림 교,2003-09-05 11:10,6.56 
도 림 교,2003-09-05 11:20,6.50 
도 림 교,2003-09-05 11:30,6.44 
도 림 교,2003-09-05 11:40,6.36 
도 림 교,2003-09-05 11:50,6.21 
도 림 교,2003-09-05 12:00,6.04 
도 림 교,2003-09-05 12:10,5.88 
도 림 교,2003-09-05 12:20,5.71 
도 림 교,2003-09-05 12:30,5.57 
도 림 교,2003-09-05 12:40,5.46 
도 림 교,2003-09-05 12:50,5.38 
도 림 교,2003-09-05 13:00,5.35 
도 림 교,2003-09-05 13:10,5.35 
도 림 교,2003-09-05 13:20,5.35 
도 림 교,2003-09-05 13:30,5.35 
도 림 교,2003-09-05 13:40,5.35 
도 림 교,2003-09-05 13:50,5.37 
도 림 교,2003-09-05 14:00,5.39 
도 림 교,2003-09-05 14:10,5.41 
도 림 교,2003-09-05 14:20,5.42 
도 림 교,2003-09-05 14:30,5.42 
도 림 교,2003-09-05 14:40,5.40 
도 림 교,2003-09-05 14:50,5.38 
도 림 교,2003-09-05 15:00,5.36 
도 림 교,2003-09-05 15:10,5.34 
도 림 교,2003-09-05 15:20,5.35 
도 림 교,2003-09-05 15:30,5.35 
도 림 교,2003-09-05 15:40,5.35 
도 림 교,2003-09-05 15:50,5.35 
도 림 교,2003-09-05 16:00,5.35 
도 림 교,2003-09-05 16:10,5.35 
도 림 교,2003-09-05 16:20,5.35 
도 림 교,2003-09-05 16:30,5.35 
도 림 교,2003-09-05 16:40,5.35 
도 림 교,2003-09-05 16:50,5.35 
도 림 교,2003-09-05 17:00,5.35 
도 림 교,2003-09-05 17:10,5.35 
도 림 교,2003-09-05 17:20,5.35 
도 림 교,2003-09-05 17:30,5.35 
도 림 교,2003-09-05 18:20,5.35 
도 림 교,2003-09-05 18:30,5.35 
도 림 교,2003-09-05 18:40,5.35 
도 림 교,2003-09-05 18:50,5.35 
도 림 교,2003-09-05 19:00,5.35 
도 림 교,2003-09-05 19:10,5.36 
도 림 교,2003-09-05 19:20,5.36 
도 림 교,2003-09-05 19:30,5.36 
도 림 교,2003-09-05 19:40,5.36 
도 림 교,2003-09-05 19:50,5.36 
도 림 교,2003-09-05 20:00,5.36 
도 림 교,2003-09-05 20:10,5.36 
도 림 교,2003-09-05 20:20,5.36 
도 림 교,2003-09-05 20:30,5.36 
도 림 교,2003-09-05 20:40,5.36 
도 림 교,2003-09-05 20:50,5.36 
도 림 교,2003-09-05 21:00,5.36 
도 림 교,2003-09-05 21:10,5.36 
도 림 교,2003-09-05 21:20,5.36 
도 림 교,2003-09-05 21:30,5.36 
도 림 교,2003-09-05 21:40,5.36 
도 림 교,2003-09-05 21:50,5.36 
도 림 교,2003-09-05 22:00,5.36 
도 림 교,2003-09-05 22:10,5.36 
도 림 교,2003-09-05 22:20,5.36 
도 림 교,2003-09-05 22:30,5.36 
도 림 교,2003-09-05 22:40,5.36 
도 림 교,2003-09-05 22:50,5.36 
도 림 교,2003-09-05 23:00,5.36 
도 림 교,2003-09-05 23:10,5.36 
도 림 교,2003-09-05 23:20,5.36 
도 림 교,2003-09-05 23:30,5.36 
도 림 교,2003-09-05 23:40,5.36 
도 림 교,2003-09-05 23:50,5.36 
도 림 교,2003-09-06 00:00,5.36 
도 림 교,2003-09-06 00:10,5.36 
도 림 교,2003-09-06 00:20,5.36 
도 림 교,2003-09-06 00:30,5.36 
도 림 교,2003-09-06 00:40,5.36 
도 림 교,2003-09-06 00:50,5.36 
도 림 교,2003-09-06 01:00,5.36 
도 림 교,2003-09-06 01:10,5.36 
도 림 교,2003-09-06 01:20,5.36 
도 림 교,2003-09-06 01:30,5.36 
도 림 교,2003-09-06 01:40,5.36 
도 림 교,2003-09-06 01:50,5.36 
도 림 교,2003-10-07 14:33,5.36 
도 림 교,2003-10-07 14:40,5.36 
도 림 교,2003-10-07 14:50,5.36 
도 림 교,2003-10-07 15:00,5.39 
도 림 교,2003-10-07 15:10,5.36 
도 림 교,2003-10-07 15:20,5.36 
도 림 교,2003-10-07 15:30,5.36 
도 림 교,2003-10-07 15:40,5.36 
도 림 교,2003-10-07 15:50,5.36 
도 림 교,2003-10-07 16:00,5.36 
도 림 교,2003-10-07 16:10,5.35 
도 림 교,2003-10-07 16:20,5.35 
도 림 교,2003-10-07 16:30,5.35 
도 림 교,2003-10-07 16:40,5.35 
도 림 교,2003-10-07 16:50,5.36 
도 림 교,2003-10-07 17:00,5.36 
도 림 교,2003-10-07 17:10,5.36 
도 림 교,2003-10-07 17:20,5.36 
도 림 교,2003-10-07 17:30,5.36 
도 림 교,2003-10-07 17:40,5.36 
도 림 교,2003-10-07 17:50,5.36 
도 림 교,2003-10-07 18:00,5.36 
도 림 교,2003-10-07 18:10,5.37 
도 림 교,2003-10-07 18:20,5.66 
도 림 교,2003-10-07 18:30,5.37 
도 림 교,2003-10-07 18:40,5.37 
도 림 교,2003-10-07 18:50,5.76 
도 림 교,2003-10-07 19:00,5.37 
도 림 교,2003-10-07 19:10,5.37 
도 림 교,2003-10-07 19:20,5.37 
도 림 교,2003-10-07 19:30,5.37 
도 림 교,2003-10-07 19:40,5.37 
도 림 교,2003-10-07 19:50,5.76 
도 림 교,2003-10-07 20:00,5.76 
도 림 교,2003-10-07 20:10,5.77 
도 림 교,2003-10-07 20:20,5.38 
도 림 교,2003-10-07 20:30,5.38 
도 림 교,2003-10-07 20:40,5.38 
도 림 교,2003-10-07 20:51,5.38 
도 림 교,2003-10-07 21:00,5.37 
도 림 교,2003-10-07 21:10,5.37 
도 림 교,2003-10-07 21:20,5.37 
도 림 교,2003-10-07 21:30,5.37 
도 림 교,2003-10-07 21:40,5.75 
도 림 교,2003-10-07 21:50,5.76 
도 림 교,2003-10-07 22:00,5.76 
도 림 교,2003-10-07 22:10,5.77 
도 림 교,2003-10-07 22:20,5.77 
도 림 교,2003-10-07 22:30,5.77 
도 림 교,2003-10-07 22:40,5.77 
도 림 교,2003-10-07 22:50,5.77 
도 림 교,2003-10-07 23:00,5.54 
도 림 교,2003-10-07 23:10,5.77 
도 림 교,2003-10-07 23:20,5.77 
도 림 교,2003-10-07 23:30,5.77 
도 림 교,2003-10-07 23:40,5.77 
도 림 교,2003-10-07 23:50,5.77 
도 림 교,2003-10-08 00:00,5.77 
도 림 교,2003-10-08 00:10,5.77 
도 림 교,2003-10-08 00:20,5.77 
도 림 교,2003-10-08 00:30,5.76 
도 림 교,2003-10-08 00:40,5.76 
도 림 교,2003-10-08 00:50,5.76 
도 림 교,2003-10-08 01:00,5.76 
도 림 교,2003-10-08 01:10,5.76 
도 림 교,2003-10-08 01:20,5.76 
도 림 교,2003-10-08 01:30,5.76 
도 림 교,2003-10-08 01:40,5.76 
도 림 교,2003-10-08 01:50,5.37 
도 림 교,2003-10-08 02:00,5.37 
도 림 교,2003-10-08 02:10,5.37 
도 림 교,2003-10-08 02:21,5.37 
도 림 교,2003-10-08 02:31,5.37 
도 림 교,2003-10-08 02:40,5.37 
도 림 교,2003-10-08 02:51,5.37 
도 림 교,2003-10-08 03:01,5.37 
도 림 교,2003-10-08 03:10,5.37 
도 림 교,2003-10-08 03:20,5.37 
도 림 교,2003-10-08 03:30,5.69 
도 림 교,2003-10-08 03:40,5.76 
도 림 교,2003-10-08 03:50,5.76 
도 림 교,2003-10-08 04:00,5.76 
도 림 교,2003-10-08 04:10,5.76 
도 림 교,2003-10-08 04:20,5.76 
도 림 교,2003-10-08 04:30,5.76 
도 림 교,2003-10-08 04:40,5.37 
도 림 교,2003-10-08 04:50,5.37 
도 림 교,2003-10-08 05:00,5.58 
도 림 교,2003-10-08 05:10,5.46 
도 림 교,2003-10-08 16:56,5.36 
도 림 교,2003-10-08 17:00,5.36 
도 림 교,2003-10-08 17:10,5.36 
도 림 교,2003-10-08 17:20,5.36 
도 림 교,2003-10-08 17:30,5.36 
도 림 교,2003-10-08 17:40,5.36 
도 림 교,2003-10-08 17:50,5.36 
도 림 교,2003-10-08 18:00,5.37 
도 림 교,2003-10-08 18:10,5.37 
도 림 교,2003-10-08 18:20,5.37 
도 림 교,2003-10-08 18:30,5.37 
도 림 교,2003-10-08 18:40,5.37 
도 림 교,2003-10-08 18:50,5.37 
도 림 교,2003-10-08 19:00,5.37 
도 림 교,2003-10-08 19:10,5.37 
도 림 교,2003-10-08 19:20,5.37 
도 림 교,2003-10-08 19:30,5.37 
도 림 교,2003-10-08 19:40,5.51 
도 림 교,2003-10-08 19:50,5.76 
도 림 교,2003-10-08 20:00,5.76 
도 림 교,2003-10-08 20:11,5.73 
도 림 교,2003-10-08 20:20,5.38 
도 림 교,2003-10-08 20:30,5.37 
도 림 교,2003-10-08 20:40,5.37 
도 림 교,2003-10-08 20:50,5.37 
도 림 교,2003-10-08 21:00,5.38 
도 림 교,2003-10-08 21:10,5.38 
도 림 교,2003-10-08 21:20,5.38 
도 림 교,2003-10-08 21:30,5.38 
도 림 교,2003-10-08 21:40,5.38 
도 림 교,2003-10-08 21:50,5.77 
도 림 교,2003-10-08 22:00,5.77 
도 림 교,2003-10-08 22:10,5.78 
도 림 교,2003-10-08 22:20,5.78 
도 림 교,2003-10-08 22:30,5.78 
도 림 교,2003-10-08 22:40,5.78 
도 림 교,2003-10-08 22:50,5.39 
도 림 교,2003-10-08 23:00,5.39 
도 림 교,2003-10-08 23:10,5.38 
도 림 교,2003-10-08 23:20,5.38 
도 림 교,2003-10-08 23:30,5.38 
도 림 교,2003-10-08 23:40,5.38 
도 림 교,2003-10-08 23:50,5.38 
도 림 교,2003-10-09 00:00,5.38 
도 림 교,2003-10-09 00:10,5.38 
도 림 교,2003-10-09 00:20,5.38 
도 림 교,2003-10-09 00:30,5.38 
도 림 교,2003-10-09 00:40,5.38 
도 림 교,2003-10-09 00:50,5.38 
도 림 교,2003-10-09 01:00,5.38 
도 림 교,2003-10-09 01:10,5.38 
도 림 교,2003-10-09 01:20,5.38 
도 림 교,2003-10-09 01:30,5.38 
도 림 교,2003-10-09 01:40,5.38 
도 림 교,2003-10-09 01:50,5.37 
도 림 교,2003-10-09 02:00,5.37 
도 림 교,2003-10-09 02:10,5.37 
도 림 교,2003-10-09 02:20,5.37 
도 림 교,2003-10-09 02:30,5.65 
도 림 교,2003-10-09 02:40,5.36 
도 림 교,2003-10-09 02:50,5.37 
도 림 교,2003-10-09 03:00,5.75 
도 림 교,2003-10-09 03:10,5.76 
도 림 교,2003-10-09 03:20,5.76 
도 림 교,2003-10-09 03:30,5.76 
도 림 교,2003-10-09 03:40,5.76 
도 림 교,2003-10-09 03:50,5.76 
도 림 교,2003-10-09 04:00,5.76 
도 림 교,2003-10-09 04:10,5.76 
도 림 교,2003-10-09 04:20,5.37 
도 림 교,2003-10-09 04:30,5.37 
도 림 교,2003-10-09 04:40,5.37 
도 림 교,2003-10-09 04:50,5.37 
도 림 교,2003-10-09 05:00,5.37 
도 림 교,2003-10-09 05:10,5.37 
도 림 교,2003-10-09 05:20,5.37 
도 림 교,2003-10-09 05:30,5.37 
도 림 교,2003-10-09 05:42,5.37 
도 림 교,2003-10-09 05:50,5.37 
도 림 교,2003-10-09 06:00,5.37 
도 림 교,2003-10-09 06:10,5.37 
도 림 교,2003-10-09 06:20,5.37 
도 림 교,2003-10-09 06:30,5.37 
도 림 교,2003-10-09 06:40,5.37 
도 림 교,2003-10-09 06:50,5.37 
도 림 교,2003-10-09 07:00,5.37 
도 림 교,2003-10-09 07:10,5.37 
도 림 교,2003-10-09 07:20,5.37 
도 림 교,2003-10-09 07:30,5.37 
도 림 교,2003-10-09 07:40,5.73 
도 림 교,2003-10-09 07:50,5.76 
도 림 교,2003-10-09 08:00,5.76 
도 림 교,2003-10-09 08:10,5.36 
도 림 교,2003-10-09 08:20,5.37 
도 림 교,2003-10-09 08:30,5.76 
도 림 교,2003-10-09 08:40,5.36 
도 림 교,2003-10-09 08:50,5.37 
도 림 교,2003-10-09 09:00,5.75 
도 림 교,2003-10-09 09:10,5.36 
도 림 교,2003-10-09 09:20,5.63 
도 림 교,2003-10-09 09:30,5.51 
도 림 교,2003-10-09 09:40,5.36 
도 림 교,2003-10-09 09:50,5.55 
도 림 교,2003-10-09 10:00,5.75 
도 림 교,2003-10-09 10:10,5.57 
도 림 교,2003-10-09 10:20,5.76 
도 림 교,2003-10-09 10:30,5.76 
도 림 교,2003-10-09 10:40,5.37 
도 림 교,2003-10-09 10:50,5.76 
도 림 교,2003-10-09 11:00,5.44 
도 림 교,2003-10-09 11:10,5.76 
도 림 교,2003-10-09 11:20,5.75 
도 림 교,2003-10-09 11:30,5.36 
도 림 교,2003-10-09 11:40,5.75 
도 림 교,2003-10-09 11:50,5.75 
도 림 교,2003-10-09 12:00,5.72 
도 림 교,2003-10-09 12:10,5.68 
도 림 교,2003-10-09 12:20,5.75 
도 림 교,2003-10-09 12:30,5.75 
도 림 교,2003-10-09 12:40,5.75 
도 림 교,2003-10-09 12:50,5.36 
도 림 교,2003-10-09 13:00,5.64 
도 림 교,2003-10-09 13:10,5.75 
도 림 교,2003-10-09 13:20,5.36 
도 림 교,2003-10-09 13:30,5.44 
도 림 교,2003-10-09 13:40,5.36 
도 림 교,2003-10-09 13:50,5.36 
도 림 교,2003-10-09 14:00,5.36 
도 림 교,2003-10-09 14:10,5.75 
도 림 교,2003-10-09 14:20,5.75 
도 림 교,2003-10-09 14:30,5.44 
도 림 교,2003-10-09 14:40,5.75 
도 림 교,2003-10-09 14:50,5.75 
도 림 교,2003-10-09 15:00,5.36 
도 림 교,2003-10-09 15:10,5.37 
도 림 교,2003-10-09 15:20,5.36 
도 림 교,2003-10-09 15:30,5.36 
도 림 교,2003-10-09 15:41,5.36 
도 림 교,2003-10-09 15:50,5.75 
도 림 교,2003-10-09 16:00,5.36 
도 림 교,2003-10-09 16:10,5.36 
도 림 교,2003-10-09 16:20,5.35 
도 림 교,2003-10-09 16:30,5.35 
도 림 교,2003-10-09 16:40,5.36 
도 림 교,2003-10-09 16:50,5.36 
도 림 교,2003-10-09 17:00,5.36 
도 림 교,2003-10-09 17:10,5.36 
도 림 교,2003-10-09 17:20,5.36 
도 림 교,2003-10-09 17:30,5.36 
도 림 교,2003-10-09 17:40,5.36 
도 림 교,2003-10-09 17:50,5.36 
도 림 교,2003-10-09 18:00,5.36 
도 림 교,2003-10-09 18:10,5.36 
도 림 교,2003-10-09 18:20,5.36 
도 림 교,2003-10-09 18:30,5.36 
도 림 교,2003-10-09 18:40,5.37 
도 림 교,2003-10-09 18:50,5.36 
도 림 교,2003-10-09 19:00,5.36 
도 림 교,2003-10-09 19:10,5.36 
도 림 교,2003-10-09 19:20,5.37 
도 림 교,2003-10-09 19:30,5.37 
도 림 교,2003-10-09 19:40,5.37 
도 림 교,2003-10-09 19:50,5.37 
도 림 교,2003-10-09 20:00,5.37 
도 림 교,2003-10-09 20:10,5.37 
도 림 교,2003-10-09 20:20,5.37 
도 림 교,2003-10-09 20:30,5.76 
도 림 교,2003-10-09 20:40,5.76 
도 림 교,2003-10-09 20:50,5.38 
도 림 교,2003-10-09 21:00,5.38 
도 림 교,2003-10-09 21:10,5.38 
도 림 교,2003-10-09 21:20,5.38 
도 림 교,2003-10-09 21:30,5.38 
도 림 교,2003-10-09 21:40,5.38 
도 림 교,2003-10-09 21:50,5.38 
도 림 교,2003-10-09 22:00,5.38 
도 림 교,2003-10-09 22:10,5.38 
도 림 교,2003-10-09 22:20,5.38 
도 림 교,2003-10-09 22:30,5.38 
도 림 교,2003-10-09 22:40,5.38 
도 림 교,2003-10-09 22:50,5.38 
도 림 교,2003-10-09 23:00,5.38 
도 림 교,2003-10-09 23:10,5.38 
도 림 교,2003-10-09 23:20,5.38 
도 림 교,2003-10-09 23:30,5.38 
도 림 교,2003-10-09 23:40,5.37 
도 림 교,2003-10-09 23:50,5.54 
도 림 교,2003-10-10 00:01,5.38 
도 림 교,2003-10-10 00:10,5.76 
도 림 교,2003-10-10 00:20,5.77 
도 림 교,2003-10-10 00:30,5.77 
도 림 교,2003-10-10 00:40,5.77 
도 림 교,2003-10-10 00:50,5.77 
도 림 교,2003-10-10 01:00,5.77 
도 림 교,2003-10-10 01:10,5.77 
도 림 교,2003-10-10 01:20,5.77 
도 림 교,2003-10-10 01:30,5.77 
도 림 교,2003-10-10 01:40,5.77 
도 림 교,2003-10-10 01:50,5.77 
도 림 교,2003-10-10 02:00,5.77 
도 림 교,2003-10-10 02:10,5.77 
도 림 교,2003-10-10 02:20,5.77 
도 림 교,2003-10-10 02:31,5.77 
도 림 교,2003-10-10 02:40,5.38 
도 림 교,2003-10-10 02:50,5.38 
도 림 교,2003-10-10 03:00,5.38 
도 림 교,2003-10-10 03:11,5.37 
도 림 교,2003-10-10 03:20,5.37 
도 림 교,2003-10-10 03:30,5.37 
도 림 교,2003-10-10 03:40,5.37 
도 림 교,2003-10-10 03:50,5.37 
도 림 교,2003-10-10 04:00,5.37 
도 림 교,2003-10-10 04:10,5.37 
도 림 교,2003-10-10 04:20,5.36 
도 림 교,2003-10-10 04:30,5.36 
도 림 교,2003-10-10 04:40,5.36 
도 림 교,2003-10-10 04:50,5.36 
도 림 교,2003-10-10 05:00,5.36 
도 림 교,2003-10-10 05:10,5.76 
도 림 교,2003-10-10 05:20,5.76 
도 림 교,2003-10-10 05:30,5.66 
도 림 교,2003-10-10 05:40,5.76 
도 림 교,2003-10-10 05:50,5.42 
도 림 교,2003-10-10 06:00,5.76 
도 림 교,2003-10-10 06:10,5.75 
도 림 교,2003-10-10 06:20,5.76 
도 림 교,2003-10-10 06:30,5.76 
도 림 교,2003-10-10 06:40,5.37 
도 림 교,2003-10-10 06:50,5.76 
도 림 교,2003-10-10 07:00,5.49 
도 림 교,2003-10-10 07:10,5.36 
도 림 교,2003-10-10 07:20,5.37 
도 림 교,2003-10-10 07:30,5.36 
도 림 교,2003-10-10 07:40,5.36 
도 림 교,2003-10-10 07:50,5.37 
도 림 교,2003-10-10 08:00,5.37 
도 림 교,2003-10-10 08:10,5.37 
도 림 교,2003-10-10 08:20,5.76 
도 림 교,2003-10-10 08:30,5.36 
도 림 교,2003-10-10 08:40,5.37 
도 림 교,2003-10-10 08:50,5.37 
도 림 교,2003-10-10 09:00,5.36 
도 림 교,2003-10-10 09:10,5.36 
도 림 교,2003-10-10 09:20,5.36 
도 림 교,2003-10-10 09:30,5.37 
도 림 교,2003-10-10 09:40,5.36 
도 림 교,2003-10-10 09:50,5.36 
도 림 교,2003-10-10 10:00,5.36 
도 림 교,2003-10-10 10:10,5.36 
도 림 교,2003-10-10 10:20,5.75 
도 림 교,2003-10-10 10:30,5.36 
도 림 교,2003-10-10 10:40,5.49 
도 림 교,2003-10-10 10:50,5.37 
도 림 교,2003-10-10 11:00,5.36 
도 림 교,2003-10-10 11:10,5.76 
도 림 교,2003-10-10 11:20,5.36 
도 림 교,2003-10-10 11:30,5.36 
도 림 교,2003-10-10 11:40,5.75 
도 림 교,2003-10-10 11:50,5.52 
도 림 교,2003-10-10 12:00,5.36 
도 림 교,2003-10-10 12:10,5.36 
도 림 교,2003-10-10 12:20,5.76 
도 림 교,2003-10-10 12:30,5.75 
도 림 교,2003-10-10 12:40,5.75 
도 림 교,2003-10-10 12:50,5.75 
도 림 교,2003-10-10 13:00,5.75 
도 림 교,2003-10-10 13:10,5.40 
도 림 교,2003-10-10 13:20,5.75 
도 림 교,2003-10-10 13:30,5.75 
도 림 교,2003-10-10 13:40,5.75 
도 림 교,2003-10-10 13:50,5.75 
도 림 교,2003-10-10 14:00,5.75 
도 림 교,2003-10-10 14:10,5.75 
도 림 교,2003-10-10 14:20,5.75 
도 림 교,2003-10-10 14:30,5.75 
도 림 교,2003-10-10 14:40,5.36 
도 림 교,2003-10-10 14:50,5.75 
도 림 교,2003-10-10 15:00,5.36 
도 림 교,2003-10-10 15:10,5.36 
도 림 교,2003-10-10 15:20,5.36 
도 림 교,2003-10-10 15:30,5.38 
도 림 교,2003-10-10 15:40,5.75 
도 림 교,2003-10-10 15:50,5.35 
도 림 교,2003-10-10 16:00,5.36 
도 림 교,2003-10-10 16:10,5.36 
도 림 교,2003-10-10 16:20,5.36 
도 림 교,2003-10-10 16:30,5.36 
도 림 교,2003-10-10 16:40,5.36 
도 림 교,2003-10-10 16:50,5.36 
도 림 교,2003-10-10 17:00,5.36 
도 림 교,2003-10-10 17:10,5.36 
도 림 교,2003-10-10 17:20,5.36 
도 림 교,2003-10-10 17:30,5.36 
도 림 교,2003-10-10 17:40,5.36 
도 림 교,2003-10-10 17:50,5.36 
도 림 교,2003-10-10 18:00,5.36 
도 림 교,2003-10-10 18:10,5.37 
도 림 교,2003-10-10 18:20,5.37 
도 림 교,2003-10-10 18:30,5.37 
도 림 교,2003-10-10 18:40,5.37 
도 림 교,2003-10-10 18:50,5.37 
도 림 교,2003-10-10 19:00,5.37 
도 림 교,2003-10-10 19:10,5.37 
도 림 교,2003-10-10 19:20,5.38 
도 림 교,2003-10-10 19:30,5.38 
도 림 교,2003-10-10 19:40,5.38 
도 림 교,2003-10-10 19:50,5.40 
도 림 교,2003-10-10 20:00,5.39 
도 림 교,2003-10-10 20:10,5.38 
도 림 교,2003-10-10 20:20,5.38 
도 림 교,2003-10-10 20:30,5.38 
도 림 교,2003-10-10 20:40,5.37 
도 림 교,2003-10-10 20:50,5.37 
도 림 교,2003-10-10 21:00,5.37 
도 림 교,2003-10-10 21:10,5.76 
도 림 교,2003-10-10 21:20,5.41 
도 림 교,2003-10-10 21:30,5.76 
도 림 교,2003-10-10 21:40,5.77 
도 림 교,2003-10-10 21:50,5.77 
도 림 교,2003-10-10 22:00,5.40 
도 림 교,2003-10-10 22:10,5.38 
도 림 교,2003-10-10 22:20,5.38 
도 림 교,2003-10-10 22:30,5.38 
도 림 교,2003-10-10 22:40,5.38 
도 림 교,2003-10-10 22:50,5.38 
도 림 교,2003-10-10 23:00,5.38 
도 림 교,2003-10-10 23:10,5.38 
도 림 교,2003-10-10 23:20,5.38 
도 림 교,2003-10-10 23:30,5.37 
도 림 교,2003-10-10 23:40,5.37 
도 림 교,2003-10-10 23:50,5.38 
도 림 교,2003-10-11 00:00,5.38 
도 림 교,2003-10-11 00:10,5.38 
도 림 교,2003-10-11 00:20,5.38 
도 림 교,2003-10-11 00:30,5.38 
도 림 교,2003-10-11 00:40,5.38 
도 림 교,2003-10-11 00:50,5.38 
도 림 교,2003-10-11 01:00,5.38 
도 림 교,2003-10-11 01:10,5.38 
도 림 교,2003-10-11 01:20,5.38 
도 림 교,2003-10-11 01:30,5.38 
도 림 교,2003-10-11 01:40,5.37 
도 림 교,2003-10-11 01:50,5.37 
도 림 교,2003-10-11 02:00,5.37 
도 림 교,2003-10-11 02:10,5.37 
도 림 교,2003-10-11 02:20,5.37 
도 림 교,2003-10-11 02:30,5.37 
도 림 교,2003-10-11 02:40,5.37 
도 림 교,2003-10-11 02:50,5.37 
도 림 교,2003-10-11 03:00,5.37 
도 림 교,2003-10-11 03:10,5.76 
도 림 교,2003-10-11 03:20,5.76 
도 림 교,2003-10-11 03:30,5.76 
도 림 교,2003-10-11 03:40,5.37 
도 림 교,2003-10-11 03:50,5.37 
도 림 교,2003-10-11 04:00,5.37 
도 림 교,2003-10-11 04:10,5.37 
도 림 교,2003-10-11 04:20,5.37 
도 림 교,2003-10-11 04:30,5.37 
도 림 교,2003-10-11 04:40,5.37 
도 림 교,2003-10-11 04:50,5.37 
도 림 교,2003-10-11 05:00,5.37 
도 림 교,2003-10-11 05:10,5.76 
도 림 교,2003-10-11 05:20,5.49 
도 림 교,2003-10-11 05:30,5.37 
도 림 교,2003-10-11 05:40,5.36 
도 림 교,2003-10-11 05:50,5.36 
도 림 교,2003-10-11 06:00,5.36 
도 림 교,2003-10-11 06:10,5.36 
도 림 교,2003-10-11 06:20,5.36 
도 림 교,2003-10-11 06:30,5.36 
도 림 교,2003-10-11 06:40,5.36 
도 림 교,2003-10-11 06:50,5.37 
도 림 교,2003-10-11 07:00,5.36 
도 림 교,2003-10-11 07:10,5.37 
도 림 교,2003-10-11 07:20,5.37 
도 림 교,2003-10-11 07:30,5.37 
도 림 교,2003-10-11 07:40,5.37 
도 림 교,2003-10-11 07:50,5.76 
도 림 교,2003-10-11 08:00,5.37 
도 림 교,2003-10-11 08:10,5.36 
도 림 교,2003-10-11 08:20,5.37 
도 림 교,2003-10-11 08:30,5.75 
도 림 교,2003-10-11 08:40,5.36 
도 림 교,2003-10-11 08:50,5.36 
도 림 교,2003-10-11 09:00,5.46 
도 림 교,2003-10-11 09:10,5.36 
도 림 교,2003-10-11 09:20,5.36 
도 림 교,2003-10-11 09:30,5.36 
도 림 교,2003-10-11 09:40,5.36 
도 림 교,2003-10-11 09:50,5.39 
도 림 교,2003-10-11 10:01,5.37 
도 림 교,2003-10-11 10:10,5.40 
도 림 교,2003-10-11 10:20,5.75 
도 림 교,2003-10-11 10:31,5.75 
도 림 교,2003-10-11 10:40,5.36 
도 림 교,2003-10-11 10:52,5.76 
도 림 교,2003-10-11 11:00,5.75 
도 림 교,2003-10-11 11:10,5.36 
도 림 교,2003-10-11 11:21,5.66 
도 림 교,2003-10-11 11:30,5.75 
도 림 교,2003-10-11 11:40,5.36 
도 림 교,2003-10-11 11:50,5.75 
도 림 교,2003-10-11 12:00,5.75 
도 림 교,2003-10-11 12:10,5.68 
도 림 교,2003-10-11 12:20,5.75 
도 림 교,2003-10-11 12:30,5.75 
도 림 교,2003-10-11 12:40,5.36 
도 림 교,2003-10-11 12:50,5.36 
도 림 교,2003-10-11 13:00,5.75 
도 림 교,2003-10-11 13:10,5.75 
도 림 교,2003-10-11 13:20,5.63 
도 림 교,2003-10-11 13:30,5.75 
도 림 교,2003-10-11 13:40,5.75 
도 림 교,2003-10-11 13:50,5.75 
도 림 교,2003-10-11 14:00,5.41 
도 림 교,2003-10-11 14:10,5.36 
도 림 교,2003-10-11 14:20,5.36 
도 림 교,2003-10-11 14:30,5.35 
도 림 교,2003-10-11 14:40,5.38 
도 림 교,2003-10-11 14:50,5.35 
도 림 교,2003-10-11 15:00,5.35 
도 림 교,2003-10-11 15:10,5.36 
도 림 교,2003-10-11 15:20,5.36 
도 림 교,2003-10-11 15:30,5.36 
도 림 교,2003-10-11 15:40,5.36 
도 림 교,2003-10-11 15:50,5.36 
도 림 교,2003-10-11 16:00,5.36 
도 림 교,2003-10-11 16:10,5.36 
도 림 교,2003-10-11 16:20,5.36 
도 림 교,2003-10-11 16:30,5.36 
도 림 교,2003-10-11 16:40,5.36 
도 림 교,2003-10-11 16:50,5.36 
도 림 교,2003-10-11 17:00,5.36 
도 림 교,2003-10-11 17:10,5.36 
도 림 교,2003-10-11 17:20,5.36 
도 림 교,2003-10-11 17:30,5.36 
도 림 교,2003-10-11 17:40,5.36 
도 림 교,2003-10-11 17:50,5.36 
도 림 교,2003-10-11 18:00,5.37 
도 림 교,2003-10-11 18:10,5.37 
도 림 교,2003-10-11 18:20,5.37 
도 림 교,2003-10-11 18:30,5.37 
도 림 교,2003-10-11 18:41,5.37 
도 림 교,2003-10-11 18:50,5.37 
도 림 교,2003-10-11 19:00,5.37 
도 림 교,2003-10-11 19:10,5.37 
도 림 교,2003-10-11 19:20,5.37 
도 림 교,2003-10-11 19:30,5.37 
도 림 교,2003-10-11 19:40,5.37 
도 림 교,2003-10-11 19:50,5.37 
도 림 교,2003-10-11 20:00,5.37 
도 림 교,2003-10-11 20:10,5.37 
도 림 교,2003-10-11 20:21,5.37 
도 림 교,2003-10-11 20:30,5.39 
도 림 교,2003-10-11 20:40,5.37 
도 림 교,2003-10-11 20:50,5.40 
도 림 교,2003-10-11 21:00,5.74 
도 림 교,2003-10-11 21:10,5.38 
도 림 교,2003-10-11 21:20,5.77 
도 림 교,2003-10-11 21:30,5.77 
도 림 교,2003-10-11 21:40,5.71 
도 림 교,2003-10-11 21:50,5.76 
도 림 교,2003-10-11 22:00,5.38 
도 림 교,2003-10-11 22:10,5.38 
도 림 교,2003-10-11 22:20,5.37 
도 림 교,2003-10-11 22:30,5.37 
도 림 교,2003-10-11 22:40,5.37 
도 림 교,2003-10-11 22:50,5.37 
도 림 교,2003-10-11 23:00,5.37 
도 림 교,2003-10-11 23:10,5.37 
도 림 교,2003-10-11 23:20,5.37 
도 림 교,2003-10-11 23:30,5.37 
도 림 교,2003-10-11 23:40,5.37 
도 림 교,2003-10-11 23:50,5.37 
도 림 교,2003-10-12 00:00,5.37 
도 림 교,2003-10-12 00:10,5.39 
도 림 교,2003-10-12 00:20,5.62 
도 림 교,2003-10-12 00:30,5.76 
도 림 교,2003-10-12 00:40,5.76 
도 림 교,2003-10-12 00:50,5.37 
도 림 교,2003-10-12 01:00,5.37 
도 림 교,2003-10-12 01:10,5.37 
도 림 교,2003-10-12 01:20,5.37 
도 림 교,2003-10-12 01:30,5.37 
도 림 교,2003-10-12 01:40,5.37 
도 림 교,2003-10-12 01:50,5.37 
도 림 교,2003-10-12 02:00,5.37 
도 림 교,2003-10-12 02:10,5.37 
도 림 교,2003-10-12 02:20,5.37 
도 림 교,2003-10-12 02:30,5.37 
도 림 교,2003-10-12 02:40,5.37 
도 림 교,2003-10-12 02:50,5.37 
도 림 교,2003-10-12 03:00,5.37 
도 림 교,2003-10-12 03:10,5.36 
도 림 교,2003-10-12 03:20,5.36 
도 림 교,2003-10-12 03:30,5.76 
도 림 교,2003-10-12 03:40,5.76 
도 림 교,2003-10-12 03:50,5.76 
도 림 교,2003-10-12 04:00,5.76 
도 림 교,2003-10-12 04:10,5.76 
도 림 교,2003-10-12 04:20,5.37 
도 림 교,2003-10-12 04:30,5.37 
도 림 교,2003-10-12 04:40,5.37 
도 림 교,2003-10-12 04:50,5.37 
도 림 교,2003-10-12 05:00,5.37 
도 림 교,2003-10-12 05:11,5.37 
도 림 교,2003-10-12 05:20,5.37 
도 림 교,2003-10-12 05:30,5.37 
도 림 교,2003-10-12 05:40,5.37 
도 림 교,2003-10-12 05:50,5.37 
도 림 교,2003-10-12 06:00,5.37 
도 림 교,2003-10-12 06:10,5.37 
도 림 교,2003-10-12 06:20,5.37 
도 림 교,2003-10-12 06:30,5.36 
도 림 교,2003-10-12 06:40,5.36 
도 림 교,2003-10-12 06:50,5.36 
도 림 교,2003-10-12 07:00,5.36 
도 림 교,2003-10-12 07:10,5.39 
도 림 교,2003-10-12 07:20,5.36 
도 림 교,2003-10-12 07:30,5.36 
도 림 교,2003-10-12 07:40,5.36 
도 림 교,2003-10-12 07:50,5.36 
도 림 교,2003-10-12 08:00,5.37 
도 림 교,2003-10-12 08:10,5.37 
도 림 교,2003-10-12 08:20,5.70 
도 림 교,2003-10-12 08:30,5.36 
도 림 교,2003-10-12 08:40,5.36 
도 림 교,2003-10-12 08:50,5.65 
도 림 교,2003-10-12 09:00,5.36 
도 림 교,2003-10-12 09:10,5.36 
도 림 교,2003-10-12 09:20,5.36 
도 림 교,2003-10-12 09:30,5.36 
도 림 교,2003-10-12 09:40,5.36 
도 림 교,2003-10-12 09:50,5.36 
도 림 교,2003-10-12 10:00,5.66 
도 림 교,2003-10-12 10:10,5.36 
도 림 교,2003-10-12 10:20,5.36 
도 림 교,2003-10-12 10:30,5.37 
도 림 교,2003-10-12 10:40,5.68 
도 림 교,2003-10-12 10:50,5.75 
도 림 교,2003-10-12 11:00,5.75 
도 림 교,2003-10-12 11:10,5.75 
도 림 교,2003-10-12 11:20,5.75 
도 림 교,2003-10-12 11:30,5.47 
도 림 교,2003-10-12 11:40,5.35 
도 림 교,2003-10-12 11:50,5.35 
도 림 교,2003-10-12 12:00,5.35 
도 림 교,2003-10-12 12:10,5.35 
도 림 교,2003-10-12 12:20,5.35 
도 림 교,2003-10-12 12:30,5.35 
도 림 교,2003-10-12 12:40,5.35 
도 림 교,2003-10-12 12:50,5.36 
도 림 교,2003-10-12 13:00,5.36 
도 림 교,2003-10-12 13:10,5.45 
도 림 교,2003-10-12 13:20,5.43 
도 림 교,2003-10-12 13:30,5.36 
도 림 교,2003-10-12 13:40,5.36 
도 림 교,2003-10-12 13:50,5.36 
도 림 교,2003-10-12 14:00,5.36 
도 림 교,2003-10-12 14:10,5.38 
도 림 교,2003-10-12 14:20,5.36 
도 림 교,2003-10-12 14:30,5.36 
도 림 교,2003-10-12 14:40,5.36 
도 림 교,2003-10-12 14:50,5.36 
도 림 교,2003-10-12 15:00,5.36 
도 림 교,2003-10-12 15:10,5.36 
도 림 교,2003-10-12 15:20,5.36 
도 림 교,2003-10-12 15:30,5.37 
도 림 교,2003-10-12 15:40,5.37 
도 림 교,2003-10-12 15:50,5.36 
도 림 교,2003-10-12 16:00,5.37 
도 림 교,2003-10-12 16:10,5.38 
도 림 교,2003-10-12 16:20,5.37 
도 림 교,2003-10-12 16:30,5.37 
도 림 교,2003-10-12 16:40,5.37 
도 림 교,2003-10-12 16:50,5.37 
도 림 교,2003-10-12 17:00,5.76 
도 림 교,2003-10-12 17:10,5.40 
도 림 교,2003-10-12 17:20,5.37 
도 림 교,2003-10-12 17:30,5.37 
도 림 교,2003-10-12 17:40,5.36 
도 림 교,2003-10-12 17:50,5.36 
도 림 교,2003-10-12 18:00,5.75 
도 림 교,2003-10-12 18:10,5.75 
도 림 교,2003-10-12 18:20,5.75 
도 림 교,2003-10-12 18:30,5.37 
도 림 교,2003-10-12 18:40,5.37 
도 림 교,2003-10-12 18:50,5.37 
도 림 교,2003-10-12 19:00,5.37 
도 림 교,2003-10-12 19:10,5.37 
도 림 교,2003-10-12 19:20,5.37 
도 림 교,2003-10-12 19:30,5.37 
도 림 교,2003-10-12 19:40,5.37 
도 림 교,2003-10-12 19:50,5.74 
도 림 교,2003-10-12 20:00,5.37 
도 림 교,2003-10-12 20:10,5.36 
도 림 교,2003-10-12 20:20,5.36 
도 림 교,2003-10-12 20:30,5.36 
도 림 교,2003-10-12 20:40,5.36 
도 림 교,2003-10-12 20:50,5.37 
도 림 교,2003-10-12 21:00,5.37 
도 림 교,2003-10-12 21:10,5.37 
도 림 교,2003-10-12 21:20,5.37 
도 림 교,2003-10-12 21:30,5.37 
도 림 교,2003-10-12 21:40,5.37 
도 림 교,2003-10-12 21:50,5.36 
도 림 교,2003-10-12 22:00,5.37 
도 림 교,2003-10-12 22:10,5.36 
도 림 교,2003-10-12 22:20,5.36 
도 림 교,2003-10-12 22:30,5.36 
도 림 교,2003-10-12 22:40,5.36 
도 림 교,2003-10-12 22:50,5.36 
도 림 교,2003-10-12 23:00,5.36 
도 림 교,2003-10-12 23:10,5.36 
도 림 교,2003-10-12 23:23,5.36 
도 림 교,2003-10-12 23:30,5.36 
도 림 교,2003-10-12 23:40,5.36 
도 림 교,2003-10-12 23:50,5.36 
도 림 교,2003-10-13 00:00,5.37 
도 림 교,2003-10-13 00:10,5.37 
도 림 교,2003-10-13 00:20,5.37 
도 림 교,2003-10-13 00:30,5.37 
도 림 교,2003-10-13 00:40,5.37 
도 림 교,2003-10-13 00:50,5.37 
도 림 교,2003-10-13 01:00,5.37 
도 림 교,2003-10-13 01:10,5.37 
도 림 교,2003-10-13 01:20,5.37 
도 림 교,2003-10-13 01:30,5.37 
도 림 교,2003-10-13 01:40,5.37 
도 림 교,2003-10-13 01:50,5.37 
도 림 교,2003-10-13 02:00,5.37 
도 림 교,2003-10-13 02:10,5.37 
도 림 교,2003-10-13 02:20,5.37 
도 림 교,2003-10-13 02:30,5.37 
도 림 교,2003-10-13 02:40,5.37 
도 림 교,2003-10-13 02:51,5.37 
도 림 교,2003-10-13 03:01,5.37 
도 림 교,2003-10-13 03:11,5.37 
도 림 교,2003-10-13 03:20,5.37 
도 림 교,2003-10-13 03:30,5.37 
도 림 교,2003-10-13 03:41,5.37 
도 림 교,2003-10-13 03:51,5.36 
도 림 교,2003-10-13 04:01,5.36 
도 림 교,2003-10-13 04:11,5.36 
도 림 교,2003-10-13 04:20,5.36 
도 림 교,2003-10-13 04:30,5.36 
도 림 교,2003-10-13 04:40,5.36 
도 림 교,2003-10-13 04:50,5.37 
도 림 교,2003-10-13 05:00,5.37 
도 림 교,2003-10-13 05:10,5.37 
도 림 교,2003-10-13 05:20,5.37 
도 림 교,2003-10-13 05:30,5.36 
도 림 교,2003-10-13 05:40,5.36 
도 림 교,2003-10-13 05:50,5.36 
도 림 교,2003-10-13 06:00,5.36 
도 림 교,2003-10-13 06:10,5.36 
도 림 교,2003-10-13 06:20,5.36 
도 림 교,2003-10-13 06:30,5.36 
도 림 교,2003-10-13 06:40,5.36 
도 림 교,2003-10-13 06:50,5.36 
도 림 교,2003-10-13 07:00,5.35 
도 림 교,2003-10-13 07:10,5.36 
도 림 교,2003-10-13 07:20,5.36 
도 림 교,2003-10-13 07:30,5.36 
도 림 교,2003-10-13 07:40,5.36 
도 림 교,2003-10-13 07:50,5.36 
도 림 교,2003-10-13 08:00,5.36 
도 림 교,2003-10-13 08:10,5.36 
도 림 교,2003-10-13 08:20,5.36 
도 림 교,2003-10-13 08:30,5.36 
도 림 교,2003-10-13 08:40,5.36 
도 림 교,2003-10-13 08:50,5.36 
도 림 교,2003-10-13 09:00,5.35 
도 림 교,2003-10-13 09:10,5.35 
도 림 교,2003-10-13 09:20,5.36 
도 림 교,2003-10-13 09:30,5.36 
도 림 교,2003-10-13 09:40,5.36 
도 림 교,2003-10-13 09:50,5.36 
도 림 교,2003-10-13 10:00,5.36 
도 림 교,2003-10-13 10:10,5.36 
도 림 교,2003-10-13 10:20,5.36 
도 림 교,2003-10-13 10:30,5.36 
도 림 교,2003-10-13 10:40,5.36 
도 림 교,2003-10-13 10:50,5.36 
도 림 교,2003-10-13 11:00,5.36 
도 림 교,2003-10-13 11:10,5.36 
도 림 교,2003-10-13 11:20,5.36 
도 림 교,2003-10-13 11:30,5.36 
도 림 교,2003-10-13 11:40,5.36 
도 림 교,2003-10-13 11:50,5.36 
도 림 교,2003-10-13 12:00,5.36 
도 림 교,2003-10-13 12:10,5.37 
도 림 교,2003-10-13 12:20,5.37 
도 림 교,2003-10-13 12:30,5.37 
도 림 교,2003-10-13 12:40,5.37 
도 림 교,2003-10-13 12:50,5.37 
도 림 교,2003-10-13 13:00,5.37 
도 림 교,2003-10-13 13:10,5.37 
도 림 교,2003-10-13 13:20,5.36 
도 림 교,2003-10-13 13:30,5.36 
도 림 교,2003-10-13 13:40,5.36 
도 림 교,2003-10-13 13:50,5.37 
도 림 교,2003-10-13 14:00,5.37 
도 림 교,2003-10-13 14:10,5.37 
도 림 교,2003-10-13 14:20,5.36 
도 림 교,2003-10-13 14:30,5.36 
도 림 교,2003-10-13 14:40,5.36 
도 림 교,2003-10-13 14:50,5.36 
도 림 교,2003-10-13 15:00,5.36 
도 림 교,2003-10-13 15:10,5.36 
도 림 교,2003-10-13 15:20,5.36 
도 림 교,2003-10-13 15:30,5.36 
도 림 교,2003-10-13 15:40,5.37 
도 림 교,2003-10-13 15:50,5.36 
도 림 교,2003-10-13 16:00,5.36 
도 림 교,2003-10-13 16:10,5.36 
도 림 교,2003-10-13 16:20,5.36 
도 림 교,2003-10-13 16:35,5.36 
도 림 교,2003-10-13 16:40,5.37 
도 림 교,2003-10-13 16:51,5.37 
도 림 교,2003-10-13 18:10,5.37 
도 림 교,2003-10-13 18:20,5.36 
도 림 교,2003-10-13 18:30,5.37 
도 림 교,2003-10-13 18:40,5.37 
도 림 교,2003-10-13 18:50,5.37 
도 림 교,2003-10-13 19:00,5.37 
도 림 교,2003-10-13 19:10,5.37 
도 림 교,2003-10-13 19:20,5.37 
도 림 교,2003-10-13 19:30,5.37 
도 림 교,2003-10-13 19:40,5.36 
도 림 교,2003-10-13 19:50,5.36 
도 림 교,2003-10-13 20:00,5.36 
도 림 교,2003-10-13 20:10,5.36 
도 림 교,2003-10-13 20:20,5.36 
도 림 교,2003-10-13 20:30,5.36 
도 림 교,2003-10-13 20:40,5.36 
도 림 교,2003-10-13 20:50,5.36 
도 림 교,2003-10-13 21:00,5.36 
도 림 교,2003-10-13 21:10,5.36 
도 림 교,2003-10-13 21:20,5.36 
도 림 교,2003-10-13 21:30,5.36 
도 림 교,2003-10-13 21:40,5.37 
도 림 교,2003-10-13 21:50,5.37 
도 림 교,2003-10-13 22:00,5.37 
도 림 교,2003-10-13 22:10,5.37 
도 림 교,2003-10-13 22:20,5.37 
도 림 교,2003-10-13 22:30,5.37 
도 림 교,2003-10-13 22:40,5.37 
도 림 교,2003-10-13 22:50,5.37 
도 림 교,2003-10-13 23:00,5.37 
도 림 교,2003-10-13 23:10,5.37 
도 림 교,2003-10-13 23:20,5.37 
도 림 교,2003-10-13 23:30,5.37 
도 림 교,2003-10-13 23:40,5.37 
도 림 교,2003-10-13 23:50,5.37 
도 림 교,2003-10-14 00:00,5.37 
도 림 교,2003-10-14 00:10,5.37 
도 림 교,2003-10-14 00:20,5.37 
도 림 교,2003-10-14 00:30,5.37 
도 림 교,2003-10-14 00:40,5.37 
도 림 교,2003-10-14 00:50,5.37 
도 림 교,2003-10-14 01:00,5.37 
도 림 교,2003-10-14 01:10,5.37 
도 림 교,2003-10-14 01:20,5.37 
도 림 교,2003-10-14 01:30,5.37 
도 림 교,2003-10-14 01:44,5.36 
도 림 교,2003-10-14 01:50,5.36 
도 림 교,2003-10-14 02:01,5.36 
도 림 교,2003-10-14 02:10,5.36 
도 림 교,2003-10-14 02:20,5.36 
도 림 교,2003-10-14 02:30,5.36 
도 림 교,2003-10-14 02:40,5.36 
도 림 교,2003-10-14 02:51,5.36 
도 림 교,2003-10-14 03:00,5.36 
도 림 교,2003-10-14 03:10,5.36 
도 림 교,2003-10-14 03:20,5.36 
도 림 교,2003-10-14 03:30,5.36 
도 림 교,2003-10-14 03:40,5.37 
도 림 교,2003-10-14 03:50,5.37 
도 림 교,2003-10-14 04:00,5.37 
도 림 교,2003-10-14 04:10,5.37 
도 림 교,2003-10-14 04:20,5.37 
도 림 교,2003-10-14 04:30,5.37 
도 림 교,2003-10-14 04:40,5.37 
도 림 교,2003-10-14 04:50,5.37 
도 림 교,2003-10-14 05:00,5.37 
도 림 교,2003-10-14 05:10,5.37 
도 림 교,2003-10-14 05:20,5.37 
도 림 교,2003-10-14 05:30,5.37 
도 림 교,2003-10-14 05:40,5.37 
도 림 교,2003-10-14 05:50,5.37 
도 림 교,2003-10-14 06:00,5.37 
도 림 교,2003-10-14 06:10,5.37 
도 림 교,2003-10-14 06:20,5.37 
도 림 교,2003-10-14 06:30,5.37 
도 림 교,2003-10-14 06:40,5.37 
도 림 교,2003-10-14 06:50,5.37 
도 림 교,2003-10-14 07:00,5.37 
도 림 교,2003-10-14 07:10,5.37 
도 림 교,2003-10-14 07:20,5.37 
도 림 교,2003-10-14 07:30,5.37 
도 림 교,2003-10-14 07:40,5.36 
도 림 교,2003-10-14 07:50,5.36 
도 림 교,2003-10-14 08:00,5.36 
도 림 교,2003-10-14 08:10,5.36 
도 림 교,2003-10-14 08:20,5.36 
도 림 교,2003-10-14 08:30,5.36 
도 림 교,2003-10-14 08:40,5.36 
도 림 교,2003-10-14 08:50,5.36 
도 림 교,2003-10-14 09:00,5.37 
도 림 교,2003-10-14 09:10,5.36 
도 림 교,2003-10-14 09:20,5.36 
도 림 교,2003-10-14 09:30,5.36 
도 림 교,2003-10-14 09:40,5.37 
도 림 교,2003-10-14 09:50,5.36 
도 림 교,2003-10-14 10:00,5.36 
도 림 교,2003-10-14 10:10,5.36 
도 림 교,2003-10-14 10:20,5.36 
도 림 교,2003-10-14 10:30,5.36 
도 림 교,2003-10-14 10:40,5.36 
도 림 교,2003-10-14 10:50,5.36 
도 림 교,2003-10-14 11:00,5.36 
도 림 교,2003-10-14 11:10,5.36 
도 림 교,2003-10-14 11:20,5.36 
도 림 교,2003-10-14 11:30,5.36 
도 림 교,2003-10-14 11:40,5.36 
도 림 교,2003-10-14 11:50,5.36 
도 림 교,2003-10-14 12:00,5.35 
도 림 교,2003-10-14 12:10,5.35 
도 림 교,2003-10-14 12:20,5.36 
도 림 교,2003-10-14 12:30,5.36 
도 림 교,2003-10-14 12:40,5.36 
도 림 교,2003-10-14 12:50,5.35 
도 림 교,2003-10-14 13:00,5.67 
도 림 교,2003-10-14 13:10,5.36 
도 림 교,2003-10-14 13:20,5.75 
도 림 교,2003-10-14 13:30,5.75 
도 림 교,2003-10-14 13:40,5.36 
도 림 교,2003-10-14 13:50,5.36 
도 림 교,2003-10-14 14:00,5.36 
도 림 교,2003-10-14 14:10,5.36 
도 림 교,2003-10-14 14:20,5.36 
도 림 교,2003-10-14 14:30,5.36 
도 림 교,2003-10-14 14:40,5.75 
도 림 교,2003-10-14 14:50,5.74 
도 림 교,2003-10-14 15:00,5.74 
도 림 교,2003-10-14 15:10,5.75 
도 림 교,2003-10-14 15:20,5.75 
도 림 교,2003-10-14 15:30,5.74 
도 림 교,2003-10-14 15:40,5.75 
도 림 교,2003-10-14 15:50,5.73 
도 림 교,2003-10-14 16:00,5.37 
도 림 교,2003-10-14 16:10,5.36 
도 림 교,2003-10-14 16:20,5.36 
도 림 교,2003-10-14 16:30,5.36 
도 림 교,2003-10-14 16:40,5.36 
도 림 교,2003-10-14 16:50,5.36 
도 림 교,2003-10-14 17:00,5.36 
도 림 교,2003-10-14 17:10,5.36 
도 림 교,2003-10-14 17:20,5.45 
도 림 교,2003-10-14 17:30,5.67 
도 림 교,2003-10-14 17:40,5.36 
도 림 교,2003-10-14 17:50,5.36 
도 림 교,2003-10-14 18:00,5.36 
도 림 교,2003-10-14 18:10,5.75 
도 림 교,2003-10-14 18:20,5.75 
도 림 교,2003-10-14 18:30,5.36 
도 림 교,2003-10-14 18:40,5.36 
도 림 교,2003-10-14 18:50,5.36 
도 림 교,2003-10-14 19:00,5.36 
도 림 교,2003-10-14 19:10,5.36 
도 림 교,2003-10-14 19:20,5.36 
도 림 교,2003-10-14 19:30,5.36 
도 림 교,2003-10-14 19:40,5.36 
도 림 교,2003-10-14 19:50,5.36 
도 림 교,2003-10-14 20:00,5.36 
도 림 교,2003-10-14 20:10,5.64 
도 림 교,2003-10-14 20:20,5.75 
도 림 교,2003-10-14 20:30,5.75 
도 림 교,2003-10-14 20:40,5.68 
도 림 교,2003-10-14 20:50,5.36 
도 림 교,2003-10-14 21:00,5.36 
도 림 교,2003-10-14 21:10,5.36 
도 림 교,2003-10-14 21:20,5.36 
도 림 교,2003-10-14 21:30,5.36 
도 림 교,2003-10-14 21:40,5.36 
도 림 교,2003-10-14 21:50,5.36 
도 림 교,2003-10-14 22:00,5.36 
도 림 교,2003-10-14 22:10,5.36 
도 림 교,2003-10-14 22:20,5.36 
도 림 교,2003-10-14 22:30,5.57 
도 림 교,2003-10-14 22:40,5.46 
도 림 교,2003-10-14 22:50,5.75 
도 림 교,2003-10-14 23:00,5.75 
도 림 교,2003-10-14 23:10,5.75 
도 림 교,2003-10-14 23:20,5.75 
도 림 교,2003-10-14 23:30,5.74 
도 림 교,2003-10-14 23:40,5.74 
도 림 교,2003-10-14 23:50,5.75 
도 림 교,2003-10-15 00:00,5.75 
도 림 교,2003-10-15 00:10,5.75 
도 림 교,2003-10-15 00:20,5.74 
도 림 교,2003-10-15 00:30,5.75 
도 림 교,2003-10-15 00:40,5.75 
도 림 교,2003-10-15 00:50,5.75 
도 림 교,2003-10-15 01:00,5.75 
도 림 교,2003-10-15 01:10,5.75 
도 림 교,2003-10-15 01:20,5.75 
도 림 교,2003-10-15 01:30,5.74 
도 림 교,2003-10-15 01:40,5.36 
도 림 교,2003-10-15 01:50,5.36 
도 림 교,2003-10-15 02:00,5.37 
도 림 교,2003-10-15 02:10,5.36 
도 림 교,2003-10-15 02:20,5.36 
도 림 교,2003-10-15 02:30,5.36 
도 림 교,2003-10-15 02:40,5.36 
도 림 교,2003-10-15 02:50,5.36 
도 림 교,2003-10-15 03:00,5.36 
도 림 교,2003-10-15 03:10,5.37 
도 림 교,2003-10-15 03:20,5.38 
도 림 교,2003-10-15 03:30,5.36 
도 림 교,2003-10-15 03:40,5.35 
도 림 교,2003-10-15 03:50,5.36 
도 림 교,2003-10-15 04:00,5.35 
도 림 교,2003-10-15 04:10,5.36 
도 림 교,2003-10-15 04:20,5.35 
도 림 교,2003-10-15 04:30,5.35 
도 림 교,2003-10-15 04:40,5.35 
도 림 교,2003-10-15 04:50,5.74 
도 림 교,2003-10-15 05:00,5.74 
도 림 교,2003-10-15 05:10,5.59 
도 림 교,2003-10-15 05:20,5.65 
도 림 교,2003-10-15 05:30,5.74 
도 림 교,2003-10-15 05:40,5.74 
도 림 교,2003-10-15 05:50,5.74 
도 림 교,2003-10-15 06:00,5.74 
도 림 교,2003-10-15 06:10,5.74 
도 림 교,2003-10-15 06:20,5.74 
도 림 교,2003-10-15 06:30,5.74 
도 림 교,2003-10-15 06:40,5.74 
도 림 교,2003-10-15 06:50,5.74 
도 림 교,2003-10-15 07:00,5.74 
도 림 교,2003-10-15 07:10,5.74 
도 림 교,2003-10-15 07:20,5.74 
도 림 교,2003-10-15 07:30,5.74 
도 림 교,2003-10-15 07:40,5.74 
도 림 교,2003-10-15 07:50,5.74 
도 림 교,2003-10-15 08:00,5.36 
도 림 교,2003-10-15 08:10,5.75 
도 림 교,2003-10-15 08:20,5.75 
도 림 교,2003-10-15 08:30,5.75 
도 림 교,2003-10-15 08:40,5.75 
도 림 교,2003-10-15 08:51,5.59 
도 림 교,2003-10-15 09:00,5.75 
도 림 교,2003-10-15 09:10,5.75 
도 림 교,2003-10-15 09:20,5.75 
도 림 교,2003-10-15 09:30,5.75 
도 림 교,2003-10-15 09:40,5.75 
도 림 교,2003-10-15 09:50,5.75 
도 림 교,2003-10-15 10:00,5.75 
도 림 교,2003-10-15 10:10,5.75 
도 림 교,2003-10-15 10:20,5.75 
도 림 교,2003-10-15 10:30,5.75 
도 림 교,2003-10-15 10:40,5.75 
도 림 교,2003-10-15 10:50,5.75 
도 림 교,2003-10-15 11:00,5.75 
도 림 교,2003-10-15 11:10,5.75 
도 림 교,2003-10-15 11:20,5.75 
도 림 교,2003-10-15 11:30,5.75 
도 림 교,2003-10-15 11:40,5.75 
도 림 교,2003-10-15 11:50,5.75 
도 림 교,2003-10-15 12:00,5.75 
도 림 교,2003-10-15 12:10,5.75 
도 림 교,2003-10-15 12:20,5.75 
도 림 교,2003-10-15 12:30,5.75 
도 림 교,2003-10-15 12:40,5.75 
도 림 교,2003-10-15 12:50,5.75 
도 림 교,2003-10-15 13:00,5.75 
도 림 교,2003-10-15 13:10,5.75 
도 림 교,2003-10-15 13:20,5.75 
도 림 교,2003-10-15 13:30,5.47 
도 림 교,2003-10-15 13:40,5.75 
도 림 교,2003-10-15 13:50,5.75 
도 림 교,2003-10-15 14:00,5.36 
도 림 교,2003-10-15 14:10,5.42 
도 림 교,2003-10-15 14:20,5.74 
도 림 교,2003-10-15 14:30,5.74 
도 림 교,2003-10-15 14:40,5.74 
도 림 교,2003-10-15 14:50,5.46 
도 림 교,2003-10-15 15:00,5.35 
도 림 교,2003-10-15 15:10,5.49 
도 림 교,2003-10-15 15:20,5.36 
도 림 교,2003-10-15 15:30,5.49 
도 림 교,2003-10-15 15:40,5.36 
도 림 교,2003-10-15 15:50,5.74 
도 림 교,2003-10-15 16:00,5.42 
도 림 교,2003-10-15 16:10,5.60 
도 림 교,2003-10-15 16:20,5.70 
도 림 교,2003-10-15 16:30,5.38 
도 림 교,2003-10-15 16:40,5.75 
도 림 교,2003-10-15 16:50,5.36 
도 림 교,2003-10-15 17:00,5.36 
도 림 교,2003-10-15 17:10,5.36 
도 림 교,2003-10-15 17:20,5.36 
도 림 교,2003-10-15 17:30,5.36 
도 림 교,2003-10-15 17:40,5.75 
도 림 교,2003-10-15 17:50,5.75 
도 림 교,2003-10-15 18:00,5.40 
도 림 교,2003-10-15 18:10,5.36 
도 림 교,2003-10-15 18:20,5.36 
도 림 교,2003-10-15 18:30,5.75 
도 림 교,2003-10-15 18:40,5.75 
도 림 교,2003-10-15 18:50,5.75 
도 림 교,2003-10-15 19:00,5.67 
도 림 교,2003-10-15 19:10,5.41 
도 림 교,2003-10-15 19:20,5.37 
도 림 교,2003-10-15 19:30,5.37 
도 림 교,2003-10-15 19:40,5.37 
도 림 교,2003-10-15 19:50,5.37 
도 림 교,2003-10-15 20:00,5.37 
도 림 교,2003-10-15 20:10,5.43 
도 림 교,2003-10-15 20:20,5.36 
도 림 교,2003-10-15 20:30,5.37 
도 림 교,2003-10-15 20:40,5.37 
도 림 교,2003-10-15 20:50,5.36 
도 림 교,2003-10-15 21:00,5.52 
도 림 교,2003-10-15 21:10,5.75 
도 림 교,2003-10-15 21:20,5.40 
도 림 교,2003-10-15 21:30,5.75 
도 림 교,2003-10-15 21:40,5.75 
도 림 교,2003-10-15 21:50,5.75 
도 림 교,2003-10-15 22:00,5.75 
도 림 교,2003-10-15 22:10,5.75 
도 림 교,2003-10-15 22:20,5.75 
도 림 교,2003-10-15 22:30,5.75 
도 림 교,2003-10-15 22:40,5.64 
도 림 교,2003-10-15 22:50,5.37 
도 림 교,2003-10-15 23:00,5.40 
도 림 교,2003-10-15 23:10,5.37 
도 림 교,2003-10-15 23:20,5.37 
도 림 교,2003-10-15 23:30,5.38 
도 림 교,2003-10-15 23:40,5.37 
도 림 교,2003-10-15 23:50,5.40 
