"자치구별(1)","자치구별(2)",항목,2019,2019,2019,2019,2019,2019,2019,2019,2020,2020,2020,2020,2020,2020,2020,2020,2021,2021,2021,2021,2021,2021,2021,2021,2022,2022,2022,2022,2022,2022,2022,2022,2023,2023,2023,2023,2023,2023,2023,2023
"자치구별(1)","자치구별(2)",항목,합계,합계,합계,합계,합계,합계,합계,합계,합계,합계,합계,합계,합계,합계,합계,합계,합계,합계,합계,합계,합계,합계,합계,합계,합계,합계,합계,합계,합계,합계,합계,합계,합계,합계,합계,합계,합계,합계,합계,합계
"자치구별(1)","자치구별(2)",항목,소계,일요일,월요일,화요일,수요일,목요일,금요일,토요일,소계,일요일,월요일,화요일,수요일,목요일,금요일,토요일,소계,일요일,월요일,화요일,수요일,목요일,금요일,토요일,소계,일요일,월요일,화요일,수요일,목요일,금요일,토요일,소계,일요일,월요일,화요일,수요일,목요일,금요일,토요일
"합계","소계",발생건수 (건),39258,4336,5536,5853,5666,5785,6337,5745,35227,3629,5197,5293,5268,5361,5644,4835,33913,3466,4722,5077,5107,5045,5623,4873,33698,3528,4702,4880,4930,5131,5444,5083,33811,3614,4731,4840,5073,5025,5609,4919
"합계","소계",사망자수 (명),250,25,38,47,40,34,38,28,219,31,32,29,34,32,37,24,243,27,35,33,30,46,34,38,221,28,27,25,35,38,45,23,180,26,21,19,30,26,33,25
"합계","소계",부상자수 (명),53904,6519,7386,7741,7628,7629,8586,8415,47513,5306,6775,6952,6954,7091,7610,6825,45223,4895,6217,6596,6643,6516,7442,6914,45329,5185,6111,6473,6480,6654,7074,7352,45414,5313,6236,6314,6665,6585,7349,6952
"합계","종로구",발생건수 (건),1133,116,147,162,168,189,180,171,903,76,134,131,144,136,168,114,778,67,118,117,119,127,133,97,974,95,146,149,160,168,137,119,988,106,139,129,138,163,165,148
"합계","종로구",사망자수 (명),6,1,2,2,1,-,-,-,5,-,1,1,-,1,1,1,6,1,1,-,1,1,-,2,3,1,-,1,-,-,1,-,8,2,-,-,1,1,4,-
"합계","종로구",부상자수 (명),1559,172,207,233,228,237,220,262,1224,118,178,164,198,170,237,159,1050,99,149,162,152,158,172,158,1351,153,189,181,251,213,175,189,1331,142,181,164,178,219,233,214
"합계","중구",발생건수 (건),1184,102,183,180,199,169,211,140,955,77,166,139,145,149,156,123,854,74,112,135,141,144,160,88,943,70,128,156,135,137,175,142,931,94,133,155,153,125,159,112
"합계","중구",사망자수 (명),5,1,1,1,1,1,-,-,6,2,2,1,1,-,-,-,3,2,-,-,1,-,-,-,2,-,-,-,-,-,2,-,3,-,-,1,2,-,-,-
"합계","중구",부상자수 (명),1615,164,237,234,270,214,267,229,1248,96,212,170,187,199,202,182,1156,95,141,176,214,187,207,136,1212,91,162,214,157,169,216,203,1194,143,165,192,202,137,193,162
"합계","용산구",발생건수 (건),1187,167,155,153,171,168,181,192,890,83,124,114,144,141,153,131,1014,106,146,163,141,136,167,155,1014,122,123,157,137,147,143,185,996,115,139,116,155,157,157,157
"합계","용산구",사망자수 (명),10,1,1,2,2,1,1,2,12,1,1,1,4,3,2,-,5,1,1,1,-,1,1,-,11,2,-,3,1,1,-,4,11,1,2,2,1,3,-,2
"합계","용산구",부상자수 (명),1614,270,191,200,220,208,244,281,1178,127,164,153,182,164,210,178,1369,155,193,206,187,194,221,213,1330,150,157,200,183,193,176,271,1366,175,178,152,227,215,192,227
"합계","성동구",발생건수 (건),1091,112,147,185,169,162,172,144,1119,111,173,203,184,156,167,125,1057,101,148,158,178,154,181,137,948,102,133,126,147,134,172,134,919,77,120,139,151,149,142,141
"합계","성동구",사망자수 (명),13,-,-,3,4,1,1,4,9,1,2,-,1,1,4,-,8,-,1,-,-,1,6,-,8,-,1,-,1,1,5,-,6,1,3,-,-,1,-,1
"합계","성동구",부상자수 (명),1439,174,186,236,204,218,227,194,1481,170,224,252,237,204,216,178,1362,158,168,197,220,202,234,183,1222,144,177,155,185,164,210,187,1221,120,162,177,185,183,199,195
"합계","광진구",발생건수 (건),973,125,142,132,145,133,141,155,869,94,121,122,148,136,138,110,922,103,127,136,128,119,156,153,708,91,102,104,107,93,102,109,717,71,95,89,111,116,123,112
"합계","광진구",사망자수 (명),3,-,1,-,-,-,2,-,4,-,1,1,-,-,2,-,4,-,-,2,-,1,-,1,9,1,1,2,1,2,2,-,4,-,-,-,1,2,1,-
"합계","광진구",부상자수 (명),1316,176,179,192,190,175,181,223,1145,133,149,159,203,175,176,150,1216,140,156,202,159,143,204,212,966,139,143,133,139,111,122,179,899,105,120,109,133,137,149,146
"합계","동대문구",발생건수 (건),1565,184,228,235,216,237,244,221,1448,153,226,214,212,222,242,179,1390,119,198,207,195,220,239,212,1534,179,226,214,231,245,227,212,1674,185,223,249,272,245,287,213
"합계","동대문구",사망자수 (명),15,2,3,2,3,-,3,2,10,5,-,-,-,2,1,2,17,4,-,4,1,4,1,3,12,1,1,3,1,2,2,2,10,1,2,1,1,2,3,-
"합계","동대문구",부상자수 (명),1988,247,281,284,260,287,312,317,1845,202,276,280,272,265,317,233,1656,132,259,235,236,256,283,255,1843,220,270,246,271,292,272,272,2039,226,269,302,318,289,352,283
"합계","중랑구",발생건수 (건),1620,188,226,253,231,242,254,226,1447,153,225,237,186,210,230,206,1373,172,193,207,187,185,247,182,1401,148,192,203,193,222,236,207,1268,135,191,204,199,172,204,163
"합계","중랑구",사망자수 (명),12,2,1,1,4,-,3,1,4,-,2,1,-,1,-,-,7,1,1,-,-,2,-,3,10,-,3,1,1,2,1,2,7,-,1,2,1,2,1,-
"합계","중랑구",부상자수 (명),2122,278,292,324,284,319,322,303,1952,229,295,297,243,266,340,282,1826,254,255,252,242,246,344,233,1890,214,252,292,238,273,304,317,1704,195,243,267,277,234,256,232
"합계","성북구",발생건수 (건),1509,168,220,238,205,205,246,227,1275,139,179,189,187,191,221,169,1285,131,173,197,214,203,189,178,1288,109,181,177,214,188,222,197,1256,107,197,180,199,187,200,186
"합계","성북구",사망자수 (명),8,1,2,1,-,-,3,1,7,-,2,-,-,-,3,2,15,-,3,3,2,2,3,2,8,1,1,1,1,1,2,1,8,-,2,-,2,1,1,2
"합계","성북구",부상자수 (명),2007,230,290,308,263,251,339,326,1622,208,204,231,235,250,279,215,1606,177,216,239,269,243,223,239,1626,138,225,232,275,220,284,252,1581,139,229,234,246,238,246,249
"합계","강북구",발생건수 (건),1277,156,171,179,206,190,198,177,1087,138,144,153,151,160,177,164,1017,132,159,148,154,133,147,144,1044,113,153,130,146,152,174,176,972,130,142,146,132,138,149,135
"합계","강북구",사망자수 (명),7,1,-,2,2,-,-,2,3,-,-,-,2,-,-,1,6,1,-,-,2,1,2,-,6,-,2,-,1,1,2,-,5,1,-,1,1,-,-,2
"합계","강북구",부상자수 (명),1706,225,217,239,279,241,258,247,1420,197,186,193,196,197,236,215,1302,164,199,197,205,178,173,186,1266,142,180,150,172,187,215,220,1217,166,180,177,169,168,186,171
"합계","도봉구",발생건수 (건),852,107,131,117,114,122,145,116,741,71,98,121,111,126,109,105,591,76,75,86,85,88,85,96,522,76,74,67,86,62,81,76,530,72,73,74,77,75,79,80
"합계","도봉구",사망자수 (명),4,-,1,-,-,-,3,-,7,-,1,-,2,2,2,-,3,-,2,-,-,1,-,-,2,-,-,-,-,2,-,-,7,1,-,-,4,-,1,1
"합계","도봉구",부상자수 (명),1163,148,191,152,161,160,175,176,990,105,122,160,135,180,134,154,768,102,94,103,111,114,122,122,705,113,89,93,118,77,107,108,685,106,88,94,86,104,102,105
"합계","노원구",발생건수 (건),1703,206,243,266,219,226,306,237,1462,176,213,215,202,213,223,220,1413,154,225,200,217,185,215,217,1384,155,186,197,210,215,219,202,1366,175,195,179,176,214,217,210
"합계","노원구",사망자수 (명),8,-,2,1,1,1,2,1,5,-,1,-,1,2,-,1,8,2,2,1,-,2,1,-,6,2,2,-,-,-,2,-,9,1,1,1,1,-,4,1
"합계","노원구",부상자수 (명),2302,295,338,349,269,290,423,338,2016,253,301,284,269,294,294,321,1940,204,304,265,292,252,289,334,1913,258,250,270,279,262,290,304,1869,261,252,241,234,282,296,303
"합계","은평구",발생건수 (건),1119,127,161,148,169,157,178,179,953,128,139,128,132,150,133,143,867,74,125,138,128,117,150,135,918,110,118,130,134,145,155,126,1039,114,143,149,170,144,155,164
"합계","은평구",사망자수 (명),7,-,1,2,1,2,1,-,14,2,2,3,1,1,2,3,11,-,2,4,2,1,1,1,9,3,-,-,1,2,1,2,7,1,-,1,2,-,1,2
"합계","은평구",부상자수 (명),1464,162,205,181,213,206,255,242,1415,189,168,207,182,244,215,210,1218,110,181,186,159,190,200,192,1256,144,163,174,185,186,207,197,1353,152,186,186,227,177,200,225
"합계","서대문구",발생건수 (건),1113,124,163,153,156,165,182,170,928,97,139,149,139,154,133,117,930,107,133,146,117,138,166,123,974,97,130,139,143,157,158,150,916,92,124,150,123,131,160,136
"합계","서대문구",사망자수 (명),14,2,1,1,1,6,1,2,6,2,1,1,-,1,1,-,9,1,-,-,1,2,2,3,5,2,1,-,-,1,1,-,4,-,-,-,-,-,3,1
"합계","서대문구",부상자수 (명),1609,214,210,188,268,220,257,252,1256,139,191,199,183,204,172,168,1206,139,179,195,134,174,217,168,1303,166,162,171,177,204,222,201,1220,125,159,190,161,182,206,197
"합계","마포구",발생건수 (건),1494,183,186,215,187,243,247,233,1272,151,171,194,192,169,190,205,1102,139,146,161,150,143,172,191,1065,146,147,134,135,144,182,177,1250,182,150,174,170,187,182,205
"합계","마포구",사망자수 (명),7,2,2,2,-,-,1,-,13,3,-,5,1,1,2,1,14,1,3,1,2,2,2,3,10,2,2,1,1,3,1,-,14,4,1,1,3,1,2,2
"합계","마포구",부상자수 (명),2123,283,267,309,258,327,346,333,1754,230,242,262,245,226,254,295,1573,213,200,230,226,182,239,283,1483,235,195,171,191,179,242,270,1715,264,217,239,220,262,235,278
"합계","양천구",발생건수 (건),1506,152,223,202,253,234,238,204,1344,116,211,215,226,196,206,174,1305,126,186,204,199,199,201,190,1165,108,161,171,172,196,168,189,1221,136,193,183,176,174,185,174
"합계","양천구",사망자수 (명),11,3,1,-,3,3,-,1,7,1,1,2,-,2,1,-,14,1,4,-,1,4,1,3,8,-,1,-,3,3,1,-,5,-,-,-,1,2,1,1
"합계","양천구",부상자수 (명),2085,215,282,273,378,311,295,331,1829,170,282,272,306,268,268,263,1692,171,251,264,258,240,244,264,1529,152,201,216,220,255,217,268,1624,198,252,238,227,224,251,234
"합계","강서구",발생건수 (건),1829,219,242,265,265,263,289,286,1575,156,224,243,221,272,231,228,1501,145,202,196,247,241,228,242,1606,176,220,241,218,244,253,254,1518,156,200,199,266,237,265,195
"합계","강서구",사망자수 (명),20,2,5,6,3,1,2,1,17,3,1,2,3,2,4,2,13,1,2,-,3,1,4,2,15,4,2,3,2,2,2,-,9,2,1,1,2,2,1,-
"합계","강서구",부상자수 (명),2491,310,339,329,369,347,395,402,2131,234,293,308,293,367,309,327,2042,212,272,271,316,321,304,346,2108,255,267,303,277,323,325,358,2112,283,251,276,360,309,354,279
"합계","구로구",발생건수 (건),1529,146,222,239,232,235,245,210,1325,136,200,200,187,223,206,173,1350,142,204,198,227,189,215,175,1274,153,196,176,175,187,211,176,1359,153,208,176,199,186,229,208
"합계","구로구",사망자수 (명),13,1,3,1,1,2,4,1,10,-,1,1,4,1,2,1,9,1,3,-,1,-,2,2,12,3,2,2,-,1,2,2,5,1,2,-,-,1,-,1
"합계","구로구",부상자수 (명),2096,224,280,328,305,318,335,306,1810,197,267,287,243,285,277,254,1729,199,260,242,285,237,280,226,1691,212,252,222,217,242,292,254,1840,215,283,246,246,271,299,280
"합계","금천구",발생건수 (건),920,119,146,150,108,113,157,127,810,83,130,111,123,134,135,94,827,93,101,123,122,133,142,113,844,95,117,123,111,133,132,133,876,97,136,114,135,132,152,110
"합계","금천구",사망자수 (명),9,-,2,2,-,4,1,-,6,1,1,-,2,-,1,1,16,-,1,3,2,7,-,3,9,2,-,1,2,1,2,1,7,2,-,3,1,1,-,-
"합계","금천구",부상자수 (명),1353,199,195,223,144,143,270,179,1084,115,158,160,167,166,184,134,1167,149,134,151,162,171,208,192,1152,141,155,172,145,178,163,198,1232,142,193,152,207,183,197,158
"합계","영등포구",발생건수 (건),2439,288,355,356,342,332,400,366,2208,243,314,342,332,330,318,329,2178,237,295,318,320,306,379,323,1998,212,261,311,262,304,323,325,1900,231,250,272,270,266,322,289
"합계","영등포구",사망자수 (명),11,2,-,2,2,3,1,1,7,1,1,2,-,3,-,-,15,1,1,4,1,5,-,3,20,-,2,-,4,6,5,3,7,1,-,-,1,1,2,2
"합계","영등포구",부상자수 (명),3451,476,467,491,493,419,549,556,3102,386,435,438,456,450,449,488,2967,355,389,424,437,384,514,464,2707,323,363,414,339,399,412,457,2619,369,324,354,375,362,421,414
"합계","동작구",발생건수 (건),1406,159,192,210,201,194,222,228,1307,157,204,184,190,174,220,178,1148,127,159,169,166,163,181,183,1217,126,184,176,183,153,207,188,1242,152,185,163,157,167,220,198
"합계","동작구",사망자수 (명),5,1,-,2,-,1,-,1,10,2,3,2,-,1,1,1,11,-,3,-,3,3,2,-,7,1,1,1,2,-,2,-,6,-,2,-,-,2,2,-
"합계","동작구",부상자수 (명),2021,232,283,276,279,289,305,357,1819,229,285,242,272,229,312,250,1520,170,217,216,216,217,245,239,1651,190,230,233,253,199,267,279,1668,221,237,220,202,212,297,279
"합계","관악구",발생건수 (건),1363,166,185,193,195,205,218,201,1444,170,213,207,190,208,226,230,1419,165,178,211,227,208,213,217,1172,142,164,170,160,163,198,175,980,139,132,121,137,147,163,141
"합계","관악구",사망자수 (명),10,-,2,4,2,-,1,1,13,3,1,2,1,3,2,1,8,3,-,1,1,1,-,2,9,-,-,2,3,1,2,1,10,2,2,-,1,-,2,3
"합계","관악구",부상자수 (명),1755,232,229,243,245,256,285,265,1819,219,264,260,231,260,278,307,1829,220,250,270,264,255,263,307,1535,192,211,225,212,206,243,246,1252,177,157,156,187,174,208,193
"합계","서초구",발생건수 (건),2418,240,332,362,361,379,371,373,2250,213,310,327,356,348,407,289,2118,172,302,315,332,342,374,281,2264,223,296,323,374,370,366,312,2168,181,314,315,312,355,379,312
"합계","서초구",사망자수 (명),14,1,3,1,2,1,4,2,9,1,1,2,2,1,1,1,8,3,1,1,-,1,2,-,8,-,1,2,3,1,1,-,7,2,2,2,-,1,-,-
"합계","서초구",부상자수 (명),3530,381,488,517,478,524,535,607,3075,312,381,456,471,464,547,444,2932,260,404,423,445,441,485,474,3391,390,417,478,548,549,513,496,3319,337,504,432,441,511,549,545
"합계","강남구",발생건수 (건),3722,330,545,586,534,581,612,534,3752,314,540,560,618,588,635,497,3820,334,512,611,577,601,674,511,3709,302,524,544,568,586,605,580,3926,343,503,600,649,584,703,544
"합계","강남구",사망자수 (명),14,-,1,4,4,3,1,1,17,2,3,1,3,1,3,4,10,-,-,5,1,1,1,2,16,1,1,-,4,4,3,3,7,-,-,1,3,1,-,2
"합계","강남구",부상자수 (명),5182,535,720,760,716,801,828,822,5189,497,711,752,831,799,878,721,5175,493,678,791,755,809,907,742,5052,452,658,749,760,793,814,826,5229,523,648,782,835,773,913,755
"합계","송파구",발생건수 (건),2892,299,410,444,426,432,471,410,2595,272,387,396,360,390,439,351,2607,262,354,388,373,424,448,358,2581,266,370,397,351,402,415,380,2614,246,349,409,383,396,426,405
"합계","송파구",사망자수 (명),13,-,2,3,3,1,3,1,11,-,1,1,4,1,2,2,14,3,1,2,3,1,2,2,9,2,1,1,1,-,3,1,10,2,-,1,1,1,3,2
"합계","송파구",부상자수 (명),4003,439,576,593,593,593,654,555,3509,394,523,525,489,533,577,468,3509,366,461,516,487,548,625,506,3594,388,493,561,451,555,548,598,3603,351,504,545,520,517,574,592
"합계","강동구",발생건수 (건),1414,153,181,230,194,209,229,218,1268,122,212,199,188,185,181,181,1047,108,151,145,163,147,161,172,1151,112,170,165,178,184,183,159,1185,125,197,155,163,178,186,181
"합계","강동구",사망자수 (명),11,2,1,2,-,3,-,3,7,1,2,-,2,2,-,-,9,-,3,1,2,1,1,1,7,-,2,1,2,1,-,1,4,1,-,1,-,1,1,-
"합계","강동구",부상자수 (명),1910,238,236,279,261,275,309,312,1600,157,264,241,228,232,249,229,1413,158,207,183,212,174,239,240,1553,183,250,218,237,225,238,202,1522,178,254,189,202,222,241,236
