관리번호,구분,관리기관,시설명,위치,출발 X,출발 Y,도착 X,도착 Y,총중량,폭제한,높이제한,길이제한,실제높이
753,교량,동부도로사업소,영동5교,강남구 개포동,205768.6081,543332.3946,543469.8353,205826.99,40,2.5,4,16.7,
633,교량,강남,영동4교 ,강남구 개포동,204977.2641,543057.5644,543196.2047,205014.0755,40,2.5,4,16.7,
254,터널,공단,구룡터널,강남구 개포동,205380.7326,540692.4471,541613.6299,206109.9738,40,2.5,4,16.7,
260,터널,동부도로사업소,일원터널,강남구 개포동,206724.4975,542588.8718,542820.2872,206836.8196,40,2.5,4,16.7,
747,교량,동부도로사업소,대치교,강남구 대치동,206459.4606,544225.1511,544265.2887,206577.4407,32,2.5,4,16.7,
876,교량,교량안전과,영동6교,강남구 대치동 ~ 개포동,206304.4576,543710.7861,543846.104,206363.7542,40,2.5,4,16.7,
875,교량,교량안전과,탄천1교,강남구 대치동 ~ 송파구 삼전동,207113.3238,544460.3558,544591.6192,207454.9127,40,2.5,4,16.7,
757,교량,동부도로사업소,영동3교,강남구 도곡동,204528.6009,542751.4643,542937.2525,204609.4842,30,2.5,4,16.7,
259,터널,동부도로사업소,매봉터널,강남구 도곡동,204220.19,543305.314,543641.6891,204370.6363,40,2.5,4,16.7,
629,교량,강남,세월3교,강남구 삼성동,206057.7023,545424.4888,545434.5283,206137.0619,32,2.5,4,16.7,
630,교량,강남,세월2교,강남구 삼성동,205991.7286,545935.5456,545947.0192,206079.2154,24,2.5,4,16.7,
631,교량,강남,세월1교,강남구 삼성동,205949.1804,546222.8656,546235.7735,206047.1847,24,2.5,4,16.7,
819,교량,공단,청담1교,강남구 삼성동 ~ 송파구 잠실동,205818.4147,546512.4191,546539.5974,206238.7633,32,2.5,4,16.7,
877,교량,교량안전과,봉은교,강남구 삼성동 ~ 송파구 잠실동,205901.2915,546219.4879,546251.9236,206158.7502,40,2.5,4,16.7,
740,교량,동부도로사업소,세곡3교,강남구 세곡동,209545.4914,540286.1973,540352.4851,209553.3973,40,2.5,4,16.7,
741,교량,동부도로사업소,세곡1교,강남구 세곡동,208220.3439,540536.4489,540596.3511,208239.8045,32,2.5,4,16.7,
632,교량,강남,은곡교 ,강남구 세곡동,208237.7013,540567.298,540600.7629,208255.8679,32,2.5,4,16.7,
634,교량,강남,대왕교 ,강남구 세곡동,210788.2045,540835.0172,540868.4821,210940.2308,40,2.5,4,16.7,
635,교량,강남,휘여울소교 ,강남구 세곡동,208417.6946,540625.6225,540671.0392,208439.2078,40,2.5,4,16.7,
636,교량,강남,실여울교,강남구 세곡동,208788.1988,540703.5479,540721.7146,208790.1111,40,2.5,4,16.7,
261,터널,동부도로사업소,위례터널,강남구 세곡동,210116.907,540628.7171,540687.734,212101.3502,40,2.5,4,16.7,
759,교량,동부도로사업소,광평교,강남구 수서동,209427.8154,543270.5158,543348.3584,209619.381,40,2.5,4,16.7,
752,교량,동부도로사업소,탄천교,강남구 수서동 ~ 송파구 가락동,208922.4471,543766.61,543847.4932,209127.3919,40,2.5,4,16.7,
201,고가,남부도로사업소,신사고가,강남구 신사동 ,201563.3696,546906.8117,546931.8686,201575.3014,40,2.5,4,16.7,
831,교량,공단,한남대교남단2교,강남구 신사동 ~ 서초구 잠원동,201336.9291,547075.7508,547279.9352,201572.835,40,2.5,4,16.7,
857,교량,공단,한남대교남단1교,강남구 압구정동 ~ 서초구 잠원동,201265.1,546956.0659,547320.3163,201588.8781,40,2.5,4,16.7,
748,교량,동부도로사업소,대곡교,강남구 율현동,210752.3548,540992.8615,541078.0018,210900.7421,40,2.5,4,16.7,
878,교량,교량안전과,숯내교,강남구 자곡동 ~ 송파구 문정동,210114.8968,542106.7374,542220.7693,210317.6202,40,2.5,4,16.7,
760,교량,동부도로사업소,강일육교,강동구 강일동,215500.4951,550886.1937,550901.096,215553.7176,40,2.5,4,16.7,
761,교량,동부도로사업소,고덕교,강동구 강일동,215237.8421,551526.9925,551554.9343,215274.8317,40,2.5,4,16.7,
830,교량,공단,고덕천교,강동구 강일동,213911.4051,552267.5031,552332.04,214025.8942,40,2.5,4,16.7,
645,교량,강동,망월교 ,강동구 강일동,215203.4794,552180.2149,552223.2412,215205.8697,40,2.5,4,16.7,
649,교량,강동,갈산교 ,강동구 강일동,215156.1505,550862.8931,550864.8054,215204.9136,40,2.5,4,16.7,
650,교량,강동,망월1교 ,강동구 강일동,215228.8171,552191.9276,552217.7434,215241.2469,40,2.5,4,16.7,
651,교량,강동,망월2교 ,강동구 강일동,215450.6416,552280.8486,552299.0153,215460.203,40,2.5,4,16.7,
642,교량,강동,고덕2교 ,강동구 고덕동,214216.982,551716.009,551733.2195,214217.4601,5,2.5,4,16.7,
643,교량,강동,고덕3교 ,강동구 고덕동,215181.9662,551600.3161,551662.9432,215203.0013,40,2.5,4,16.7,
746,교량,동부도로사업소,상일2교,강동구 상일동,215364.829,549744.9774,549758.0525,215393.4118,40,2.5,4,16.7,
644,교량,강동,상일3교 ,강동구 상일동,215374.1504,549619.6722,549633.0582,215402.8346,40,2.5,4,16.7,
646,교량,강동,리엔교 ,강동구 상일동,215283.7951,550185.468,550192.161,215326.8214,40,2.5,4,16.7,
647,교량,강동,해맞이교 ,강동구 상일동,215316.782,549971.7707,549984.6786,215377.4969,40,2.5,4,16.7,
648,교량,강동,강명교 ,강동구 상일동,215233.5978,550485.2179,550491.9108,215267.5408,40,2.5,4,16.7,
825,교량,공단,상행4교,강동구 천호동,210682.3295,549487.0406,549536.6283,210702.7479,40,2.5,4,16.7,
826,교량,공단,하행1교,강동구 천호동,210654.4364,549492.3276,549541.5506,210672.1203,40,2.5,4,16.7,
248,터널,강북,오패산,강북구 미아3동 ~ 번2동,202511.8277,558609.2599,559419.787,202586.2325,40,2.5,4,16.7,
280,터널,북부도로사업소,솔샘터널,강북구 미아동 ~ 성북구 정릉동,200751.5341,557525.0934,557699.2127,200802.5042,40,2.5,4,16.7,
550,교량,강북,제2우이교 ,강북구 번1동,202926.2138,560094.69,560110.5496,202966.2405,24,2.5,4,16.7,
784,교량,북부도로사업소,우이교,강북구 번동,202709.5911,560341.2726,560386.6128,202748.6341,32,2.5,4,16.7,
793,교량,북부도로사업소,우이제3교,강북구 번동,203201.879,559675.3379,559721.3079,203234.9396,32,2.5,4,16.7,
206,고가,북부도로사업소,빨래골교,강북구 수유동,201099.2205,558707.3392,558766.9984,201117.7149,40,2.5,4,16.7,
544,교량,강북,덕수교 ,강북구 수유동,201453.1577,561011.5267,561038.7147,201462.2204,40,2.5,4,16.7,
545,교량,강북,쌍문동414앞교 ,강북구 수유동,201726.5473,561020.5894,561046.2668,201738.6308,0,2.5,4,16.7,
546,교량,강북,계성교 ,강북구 수유동,201973.8817,560915.9914,560939.7809,201986.7205,0,2.5,4,16.7,
547,교량,강북,쌍한교 ,강북구 수유동,202393.7839,560587.8485,560620.3229,202439.0971,40,2.5,4,16.7,
548,교량,강북,수유교 ,강북구 수유동,202507.0669,560503.2639,560543.2905,202540.2965,40,2.5,4,16.7,
552,교량,강북,새마을교 ,강북구 수유동,200611.0878,559873.033,559888.1374,200617.8847,40,2.5,4,16.7,
553,교량,강북,문수교 ,강북구 수유동,200535.1882,559807.3289,559819.79,200545.006,40,2.5,4,16.7,
554,교량,강북,대동천1교 ,강북구 수유동,200662.4427,560764.5699,560771.3669,200673.771,40,2.5,4,16.7,
555,교량,강북,가오천1교 ,강북구 수유동,200558.9776,559837.9153,559846.2227,200567.6626,0,2.5,4,16.7,
556,교량,강북,대동천2교 ,강북구 수유동,200125.1039,560289.1591,560294.4456,200140.5859,40,2.5,4,16.7,
706,교량,강서도로사업소,개화교,강서구 개화동,182160.3511,553749.6109,553815.8986,182191.9747,40,2.5,4,16.7,
709,교량,강서도로사업소,행주1교,강서구 개화동,182230.1357,554625.6434,554702.2697,182298.248,40,2.5,4,16.7,
601,교량,강서,과해교 ,강서구 과해동,180578.6201,550904.6796,550917.9433,180612.9849,32,2.5,4,16.7,
257,터널,공단,방화터널,강서구 방화동,183827.8462,553228.4509,553684.4275,183869.128,40,2.5,4,16.7,
874,교량,공단,염창교,강서구 염창동 ~ 영등포구 양화동,188934.1053,550365.1809,550561.8226,189258.4627,40,2.5,4,16.7,
291,터널,강서도로사업소,화곡터널,강서구 화곡동,186103.4351,548329.9541,548760.1406,186313.5889,40,2.5,4,16.7,
220,고가,강서도로사업소,화곡,강서구 화곡동 ~ 양천구 신월동,186586.0578,547506.2941,547744.6039,186687.4112,40,2.5,4,16.7,
179,고가,교량안전과,선유고가차도(A),경인고속도 입구 ~ 영등포구 양평동,190282.7723,547702.4533,547882.8958,190708.1108,40,2.5,4,16.7,
180,고가,교량안전과,선유고가차도(B),경인고속도 입구 ~ 영등포구 양평동,190282.7723,547827.7599,547999.6202,190658.4022,40,2.5,4,16.7,
569,교량,은평,지축교,고양시 덕양구 지축동 ~ 은평구 잔관동,193047.7929,560638.3786,560742.679,193052.616,40,2.5,4,16.7,
452,교량,교량안전과,행주대교,고양시 행주동 ~ 강서구 개화동,183229.0405,555428.5021,554789.4256,182749.2549,40,2.5,4,16.7,
453,교량,신공항하이웨이,방화대교(인천공항고속도로),고양시 현천동 ~ 강서구 방화동,184888.6175,554506.6363,553856.0843,184153.6385,40,2.5,4,16.7,
698,교량,서부도로사업소,북한천다리(세월교),고양시 효자동 ~ 은평구 진관동,195343.1735,562110.2224,562129.0949,195383.0753,40,2.5,4,16.7,
253,터널,관악,낙성대,관악구 낙성대동 ~ 인헌동,196686.6768,541046.4881,541063.6027,196799.7899,40,2.5,4,16.7,
175,고가,교량안전과,사당고가,관악구 남현동 ~ 서초구 방배동,198128.8567,541824.0312,541914.715,198751.4794,40,2.5,4,16.7,
272,터널,남부도로사업소,국사봉터널,관악구 봉천동 ~ 동작구 상도동,194965.8865,543544.0551,543843.2157,195068.5676,40,2.5,4,16.7,
766,교량,남부도로사업소,도림교(관악),관악구 신림동,192832.3057,543350.6929,543367.1975,192912.0068,32,2.5,4,16.7,
767,교량,남부도로사업소,봉림교,관악구 신림동,193453.2648,542707.3167,542719.0613,193529.7724,32,2.5,4,16.7,
772,교량,남부도로사업소,신림1교,관악구 신림동,193978.164,542145.3381,542154.3982,193994.2709,32,2.5,4,16.7,
773,교량,남부도로사업소,승리교,관악구 신림동,193787.9017,542364.7941,542389.6256,193811.3908,40,2.5,4,16.7,
774,교량,남부도로사업소,신림2교,관악구 신림동,194397.6136,541931.5866,541957.7602,194450.2965,40,2.5,4,16.7,
775,교량,남부도로사업소,동방1교,관악구 신림동,194162.7218,541346.7061,541373.8864,194168.7619,32,2.5,4,16.7,
612,교량,관악,삼성교,관악구 신림동,194816.8301,541257.4958,541269.8551,194818.3373,40,2.5,4,16.7,
613,교량,관악,한남교,관악구 신림동,194669.7243,541238.8061,541250.8639,194670.3272,40,2.5,4,16.7,
614,교량,관악,화랑교,관악구 신림동,194597.0758,541244.835,541257.4958,194599.4874,40,2.5,4,16.7,
615,교량,관악,신성교,관악구 신림동,194490.9667,541261.4146,541273.4724,194492.474,40,2.5,4,16.7,
616,교량,관악,신성1교,관악구 신림동,194411.3849,541272.2666,541285.8317,194413.1936,40,2.5,4,16.7,
617,교량,관악,동방2교,관악구 신림동,194260.6618,541300.904,541314.4691,194266.6907,40,2.5,4,16.7,
618,교량,관악,신림3교,관악구 신림동,194103.0054,541419.6738,541427.5114,194122.5994,40,2.5,4,16.7,
619,교량,관악,양산교,관악구 신림동,194135.8631,541592.8547,541617.8747,194159.0744,40,2.5,4,16.7,
620,교량,관악,충무교,관악구 신림동,194272.1168,541640.1818,541671.5322,194289.2992,40,2.5,4,16.7,
621,교량,관악,신화교,관악구 신림동,194374.307,541752.6212,541770.708,194397.2169,0,2.5,4,16.7,
622,교량,관악,문화교,관악구 신림동,194068.0377,542054.6703,542083.3077,194075.8753,32,2.5,4,16.7,
623,교량,관악,신본교,관악구 신림동,194249.2068,542006.7404,542025.43,194253.1256,32,2.5,4,16.7,
624,교량,관악,신림교,관악구 신림동,193695.7516,542472.1734,542497.7963,193722.5803,40,2.5,4,16.7,
625,교량,관악,신림4?5동교 ,관악구 신림동,193295.4309,542886.6619,542890.2793,193329.4944,40,2.5,4,16.7,
268,터널,남부도로사업소,난곡터널,관악구 신림동,192927.2807,542108.2078,542165.6775,193291.0841,40,2.5,4,16.7,
267,터널,남부도로사업소,산복터널,관악구 신림동 ~ 금천구 시흥동,192990.9078,539649.3278,539817.9738,193033.3259,40,2.5,4,16.7,
178,고가,교량안전과,광명고가,광명시 철산동,188318.0702,543417.7752,544161.4134,188473.5783,40,2.5,4,16.7,
882,교량,교량안전과,금천교,광명시 하안동 ~ 금천구 독산동,189750.9538,540623.816,540690.2079,189925.2959,40,2.5,4,16.7,
176,고가,교량안전과,워커힐고가,광진구 광장동,209656.6412,550199.7415,551170.2512,210118.9552,40,2.5,4,16.7,
872,교량,공단,천호대교북단 강변북로 유턴교,광진구 광장동,209155.0016,549021.3783,549129.8353,209256.3633,40,2.5,4,16.7,
450,교량,교량안전과,천호대교,광진구 광장동 ~ 강동구 천호동,209641.698,549363.5596,549128.3116,210309.1901,32,2.5,4,16.7,
451,교량,교량안전과,광진교,광진구 광장동 ~ 강동구 천호동,209770.1144,549570.3919,549305.3623,210451.8142,32,2.5,4,16.7,
864,교량,공단,아차산교,광진구 광장동 ~ 구리시,209573.4987,549493.5971,551804.8969,210543.2766,40,2.5,4,16.7,
449,교량,교량안전과,올림픽대교,광진구 구의동 ~ 송파구 풍납동,208907.5387,548617.3783,548049.6139,209374.7559,40,2.5,4,16.7,
445,교량,교량안전과,영동대교,광진구 자양동 ~ 강남구 청담동,205176.7008,548123.7949,547591.14,204939.3354,32,2.5,4,16.7,
446,교량,공단,청담대교,광진구 자양동 ~ 강남구 청담동,205844.9443,547864.0932,547062.9934,205553.6849,40,2.5,4,16.7,
447,교량,교량안전과,잠실대교,광진구 자양동 ~ 송파구 잠실동,207844.6881,547632.3972,546778.0183,208362.7253,40,2.5,4,16.7,
222,고가,강서도로사업소,가리봉,구로구 가리봉동,189015.0822,542557.8057,543356.3115,189923.9935,32,2.5,4,16.7,
223,고가,강서도로사업소,구로고가,구로구 가리봉동 ~ 관악구 신림동,190034.1287,542172.7636,542399.5917,190483.8851,23,2.5,4,16.7,
603,교량,구로,개명교,구로구 개봉3동,186725.7117,542457.8547,542501.2629,186741.3869,32,2.5,4,16.7,
219,고가,강서도로사업소,개봉,구로구 개봉동,187269.453,543671.5585,544130.2703,187304.4221,23,2.5,4,16.7,
225,고가,강서도로사업소,개봉철도,구로구 개봉동,186734.379,543959.3637,544146.9661,186863.0493,32,2.5,4,16.7,
602,교량,구로,철산2교 ,구로구 개봉동,187546.8512,543146.3579,543181.9285,187601.7145,32,2.5,4,16.7,
604,교량,구로,개웅교,구로구 개봉동,187087.4472,542691.7769,542709.8637,187140.5017,40,2.5,4,16.7,
607,교량,구로,가린열교 ,구로구 개봉동,187996.9105,543596.1157,543698.6074,188075.2865,40,2.5,4,16.7,
712,교량,강서도로사업소,개봉교,구로구 개봉동,187305.1041,542893.6181,542961.7303,187309.3611,32,2.5,4,16.7,
720,교량,강서도로사업소,광복교,구로구 개봉동,188157.571,543698.0416,543710.2045,188233.5891,40,2.5,4,16.7,
224,고가,강서도로사업소,가마산,구로구 구로동,189572.741,543640.482,543733.9167,189647.9445,40,2.5,4,16.7,
608,교량,구로,새말고가교 ,구로구 구로동,189510.7735,544668.0585,544685.5423,189540.3152,40,2.5,4,16.7,
705,교량,강서도로사업소,고척교,구로구 구로동,188416.6407,544396.648,544458.0706,188625.5385,40,2.5,4,16.7,
715,교량,강서도로사업소,구로1교,구로구 구로동,190939.9855,543105.2525,543130.4905,190961.2706,32,2.5,4,16.7,
719,교량,강서도로사업소,안양교,구로구 구로동,188442.4869,543622.0235,543667.0262,188712.5032,32,2.5,4,16.7,
287,터널,강서도로사업소,궁동터널,구로구 궁동 ~ 양천구 신정동,184978.2959,545234.708,545241.2443,185128.6303,40,2.5,4,16.7,
177,고가,교량안전과,오류고가,구로구 궁동 ~ 오류동,185062.4486,543488.7032,543861.2073,185256.4144,40,2.5,4,16.7,
609,교량,구로,신도림1교 ,구로구 신림동,190403.0543,545548.8844,545595.91,190485.6506,40,2.5,4,16.7,
221,고가,강서도로사업소,오류철도,구로구 오류동,185609.745,543750.4386,543776.0762,185651.3348,32,2.5,4,16.7,
249,터널,구로,천왕1 생태터널,구로구 오류동,185680.3347,542638.8851,542719.6115,185699.6818,40,2.5,4,16.7,
250,터널,구로,천왕2 생태터널,구로구 천왕동,185843.2747,542757.5538,542834.9323,185899.8205,40,2.5,4,16.7,
711,교량,강서도로사업소,광명교,구로구 천왕동 ~ 광명시 광명동,186404.4416,542467.3086,542492.2425,186474.9864,40,2.5,4,16.7,
718,교량,강서도로사업소,역곡천교,구로구 항동,184191.8588,542165.5167,542201.3973,184225.9149,40,2.5,4,16.7,
285,터널,강서도로사업소,천왕산생태터널,구로구 항동,184934.95,542885.6035,542940.6459,184997.9047,40,2.5,4,16.7,
284,터널,강서도로사업소,범박터널,구로구 항동 ~ 부천시 옥길동,183668.0421,541527.3446,541642.3689,183726.4769,40,2.5,4,16.7,
454,교량,교량안전과,구리암사대교,구리시 아천동 ~ 강동구 암사동,211590.4852,552282.3004,551984.4836,211795.9514,40,2.5,4,16.7,
455,교량,한국도로공사,강동대교(서울외곽순환고속도로),구리시 토평동 ~ 강동구 고덕동,214169.1958,553292.6915,552791.5943,214495.9745,40,2.5,4,16.7,
198,고가,남부도로사업소,수출의다리,금천구 가산동,189535.6071,541857.25,542026.8884,190006.1412,40,2.5,4,16.7,
770,교량,남부도로사업소,철산교(신교),금천구 가산동 ~ 광명시 철산동 ,189232.2595,541758.6895,541772.783,189277.5601,32,2.5,4,16.7,
851,교량,공단,안양천교,금천구 독산동,190278.7044,539495.497,540186.0777,190412.8827,40,2.5,4,16.7,
610,교량,금천,금천과선교,금천구 독산동,190357.2345,540263.3261,540340.4963,190469.3725,40,2.5,4,16.7,
769,교량,남부도로사업소,기아대교(신교),금천구 시흥동,191097.8036,537701.7729,537707.813,191392.425,40,2.5,4,16.7,
270,터널,남부도로사업소,호암1터널,금천구 시흥동,192703.7306,538438.0181,538506.0922,192763.4238,40,2.5,4,16.7,
251,터널,금천,삼성산1터널,금천구 시흥동,192041.6483,539465.6221,539559.9276,192180.1288,40,2.5,4,16.7,
271,터널,남부도로사업소,호암2터널,금천구 시흥동 ~ 안양시 석수동,192453.44,537564.9382,538146.8529,192569.8229,40,2.5,4,16.7,
252,터널,금천,삼성산2터널,금천구 시흥등,192292.198,539379.0497,539420.0528,192398.0345,40,2.5,4,16.7,
710,교량,강서도로사업소,행주2교,김포시 고촌읍,182328.9593,554736.9339,554774.943,182363.6235,40,2.5,4,16.7,
564,교량,노원,한천교 ,노원구 공릉동,206053.3893,558243.0868,558333.5207,206232.4483,40,2.5,4,16.7,
787,교량,북부도로사업소,묵동교,노원구 공릉동,206954.0981,557600.2351,557634.5552,206967.9521,40,2.5,4,16.7,
863,교량,공단,공대천교,노원구 공릉동,206188.1311,558332.4172,558369.9725,206207.4557,40,2.5,4,16.7,
727,교량,성동도로사업소,먹골교,노원구 공릉동 ~ 중랑구 묵동,207481.524,557825.0172,557852.6878,207534.7367,40,2.5,4,16.7,
559,교량,노원,불암교 ,노원구 상계동,206328.0068,562047.6397,562050.0513,206360.8644,32,2.5,4,16.7,
788,교량,북부도로사업소,당현1교,노원구 상계동,205580.352,560745.7138,560804.2782,205604.9113,40,2.5,4,16.7,
795,교량,북부도로사업소,당현3교,노원구 상계동,205378.2102,560585.2912,560594.7371,205438.6638,40,2.5,4,16.7,
860,교량,공단,당현4교,노원구 상계동,205227.9176,559821.687,559870.91,205259.0922,40,2.5,4,16.7,
282,터널,남양주시,용마터널,노원구 상계동 ~ 남양주시 별내동,207724.4119,563932.4705,564468.5327,209478.6856,40,2.5,4,16.7,
208,고가,북부도로사업소,화랑교,노원구 월계동,205599.3187,557194.082,557338.7557,206087.928,40,2.5,4,16.7,
500,교량,성북,월계472교 ,노원구 월계동,205349.5951,557339.3971,557358.2582,205368.4563,32,2.5,4,16.7,
563,교량,노원,장월교 ,노원구 월계동,205032.0894,557579.9051,557620.2989,205054.9993,32,2.5,4,16.7,
565,교량,노원,초안교,노원구 월계동,203672.5669,559021.421,559096.1796,203683.4189,40,2.5,4,16.7,
566,교량,노원,벼루말교 ,노원구 월계동,204777.9702,557811.4158,557837.3402,204809.0192,40,2.5,4,16.7,
791,교량,북부도로사업소,월계2교,노원구 월계동,204395.0513,558297.8135,558325.5214,204430.9456,32,2.5,4,16.7,
817,교량,북부도로사업소,월릉교,노원구 월계동 ~ 공릉동,206223.2444,557375.1831,557431.0732,206356.6024,40,2.5,4,16.7,
816,교량,북부도로사업소,월계1교,노원구 월계동 ~ 하계동,205526.3871,559207.1749,559280.398,205618.0044,32,2.5,4,16.7,
560,교량,노원,새싹교 ,노원구 중계동,206333.4328,561967.455,561972.8811,206370.8121,40,2.5,4,16.7,
561,교량,노원,염광교,노원구 중계동,206345.4907,561725.9966,561735.04,206388.8989,40,2.5,4,16.7,
562,교량,노원,물넘이교 ,노원구 중계동,206334.6386,561612.3514,561620.7919,206364.1803,32,2.5,4,16.7,
792,교량,북부도로사업소,당현2교,노원구 중계동,206045.5617,561173.7696,561232.649,206064.7683,40,2.5,4,16.7,
558,교량,노원,양지교,노원구 중계종 ~ 상계동,206242.0946,561444.1444,561473.0832,206291.5318,40,2.5,4,16.7,
279,터널,북부도로사업소,공릉터널,노원구 하계동 ~ 공릉동,207114.5875,559428.4334,559632.998,207270.5765,40,2.5,4,16.7,
862,교량,공단,하계교,노원구 하계동 ~ 월계동,205290.0845,559418.6051,559671.2833,205339.6721,40,2.5,4,16.7,
516,교량,도봉,세일교,도봉구 도봉동,202807.0779,564090.2743,564098.9594,202836.5315,32,2.5,4,16.7,
517,교량,도봉,제1무수교 ,도봉구 도봉동,203143.1507,564236.787,564249.2481,203175.2475,0,2.5,4,16.7,
518,교량,도봉,제3무수교,도봉구 도봉동,203288.5305,564294.1837,564320.6164,203299.1036,40,2.5,4,16.7,
519,교량,도봉,만세교,도봉구 도봉동,202598.2597,564154.0904,564155.6008,202625.8252,32,2.5,4,16.7,
520,교량,도봉,무수교,도봉구 도봉동,203531.7112,564305.4176,564331.4726,203567.9618,0,2.5,4,16.7,
521,교량,도봉,제2무수교,도봉구 도봉동,203715.6072,564371.8769,564397.5544,203737.5086,32,2.5,4,16.7,
522,교량,도봉,누원교,도봉구 도봉동,203838.708,564456.0839,564496.1105,203842.8618,32,2.5,4,16.7,
523,교량,도봉,누원1교 ,도봉구 도봉동,203928.2016,564537.27,564554.6401,203939.1523,32,2.5,4,16.7,
524,교량,도봉,신도봉교 ,도봉구 도봉동,204192.5285,564514.991,564556.9057,204208.3881,32,2.5,4,16.7,
525,교량,도봉,서원내다리 ,도봉구 도봉동,203597.4153,565148.6204,565175.8083,203616.2958,24,2.5,4,16.7,
526,교량,도봉,수원교 ,도봉구 도봉동,203832.6663,564806.5058,564839.3579,203836.82,0,2.5,4,16.7,
527,교량,도봉,상도교,도봉구 도봉동,204473.8478,565172.0322,565211.3036,204542.5728,40,2.5,4,16.7,
794,교량,북부도로사업소,제1도봉교,도봉구 도봉동,204384.8183,564420.0043,564476.0499,204419.4532,32,2.5,4,16.7,
786,교량,북부도로사업소,도봉교,도봉구 도봉동 ,204014.5397,564559.0162,564599.9484,204019.5775,32,2.5,4,16.7,
812,교량,북부도로사업소,노원교,도봉구 도봉동 ~ 노원구 상계동,204439.1836,564355.9599,564381.7825,204550.2563,32,2.5,4,16.7,
813,교량,북부도로사업소,상계교,도봉구 방학동,204472.4346,562455.6973,562475.1527,204622.4181,32,2.5,4,16.7,
785,교량,북부도로사업소,방학교,도봉구 방학동 ~ 도봉구 창동,203725.4957,562436.5266,562488.479,203734.9416,40,2.5,4,16.7,
534,교량,도봉,모래말2교,도봉구 쌍동,204116.4401,562470.4224,562509.3163,204128.5236,40,2.5,4,16.7,
528,교량,도봉,어울교 ,도봉구 쌍문동,203208.666,562359.5939,562384.1386,203209.0436,40,2.5,4,16.7,
529,교량,도봉,쌍문294교,도봉구 쌍문동,203140.3186,562319.5673,562336.9374,203151.6469,24,2.5,4,16.7,
530,교량,도봉,제일시장 앞교,도봉구 쌍문동,203287.2088,562458.1501,562458.5277,203316.2848,0,2.5,4,16.7,
531,교량,도봉,쌍문709교 ,도봉구 쌍문동,203457.8885,562445.8778,562466.6463,203458.6437,40,2.5,4,16.7,
532,교량,도봉,쌍문707교,도봉구 쌍문동,203609.3101,562443.9897,562465.5135,203609.6877,40,2.5,4,16.7,
537,교량,도봉,석천교,도봉구 쌍문동,201280.9677,562403.3967,562403.3967,201305.5123,40,2.5,4,16.7,
538,교량,도봉,우이천교 ,도봉구 쌍문동,201274.1707,562057.1284,562059.3941,201299.0929,40,2.5,4,16.7,
539,교량,도봉,백운교 ,도봉구 쌍문동,201247.738,561768.6345,561768.6345,201270.3946,40,2.5,4,16.7,
540,교량,도봉,쌍수교,도봉구 쌍문동,201256.8006,561652.3307,561653.0859,201280.2124,0,2.5,4,16.7,
541,교량,도봉,근화교 ,도봉구 쌍문동,201268.5065,561337.0264,561340.0473,201304.0019,40,2.5,4,16.7,
542,교량,도봉,쌍우교 ,도봉구 쌍문동,201276.0587,561097.6218,561121.4112,201320.9943,32,2.5,4,16.7,
796,교량,북부도로사업소,문이교,도봉구 쌍문동,201271.1408,562001.2289,562007.2113,201299.7933,40,2.5,4,16.7,
798,교량,북부도로사업소,쌍문교,도봉구 쌍문동,202208.4871,560760.9846,560798.1384,202231.7869,40,2.5,4,16.7,
533,교량,도봉,모래말본교  ,도봉구 창동,203944.6276,562486.2821,562515.7356,203947.2709,40,2.5,4,16.7,
535,교량,도봉,모래말1교,도봉구 창동,204309.7763,562407.7392,562439.4584,204311.6644,40,2.5,4,16.7,
536,교량,도봉,방학동725앞교,도봉구 창동,204469.1277,562348.0768,562380.1737,204473.2814,40,2.5,4,16.7,
543,교량,도봉,창번2교 ,도봉구 창동,203000.603,559863.5928,559883.2285,203050.4475,0,2.5,4,16.7,
549,교량,강북,번창교 ,도봉구 창동,202784.9877,560284.2501,560323.5216,202815.9517,32,2.5,4,16.7,
551,교량,강북,신창교,도봉구 창동,203430.7006,559261.6826,559292.6467,203481.3003,0,2.5,4,16.7,
814,교량,북부도로사업소,창동교,도봉구 창동 ~ 노원구 상계동,204725.5318,561479.5665,561496.5457,204857.1211,40,2.5,4,16.7,
815,교량,북부도로사업소,녹천교,도봉구 창동 ~ 노원구 상계동,204854.2912,560661.7319,560685.0784,205002.8598,40,2.5,4,16.7,
797,교량,북부도로사업소,모래말다리,도봉구 창동 ~ 도봉구 도봉동 ,204120.0187,562473.8378,562505.3241,204125.3714,40,2.5,4,16.7,
213,고가,성동도로사업소,신답고가,동대문구 답십리동,204358.7139,552326.0992,552429.0872,204441.028,32,2.5,4,16.7,
806,교량,북부도로사업소,영도교,동대문구 숭인동 ~ 성동구 황학동,201668.3799,552382.9257,552402.0274,201683.9443,40,2.5,4,16.7,
480,교량,동대문,안감교 ,동대문구 신설동 ~ 용두동,202350.825,553196.8537,553216.3435,202385.4038,32,2.5,4,16.7,
481,교량,동대문,용신1교,동대문구 용두동,202455.8189,552812.8715,552821.9877,202486.9398,32,2.5,4,16.7,
483,교량,동대문,용미교,동대문구 용두동,202445.9168,552559.0315,552562.175,202482.0674,24,2.5,4,16.7,
488,교량,동대문,용두1교,동대문구 용두동,203020.2396,552986.7087,552990.7953,203070.2218,32,2.5,4,16.7,
726,교량,성동도로사업소,동진교,동대문구 용두동,202463.4172,552709.4552,552709.4552,202498.6896,32,2.5,4,16.7,
734,교량,성동도로사업소,정릉천교,동대문구 용두동,203109.495,552518.4217,552542.4434,203163.6199,40,2.5,4,16.7,
886,교량,교량안전과,성북천교,동대문구 용두동,202434.8485,552348.8291,552361.6894,202470.8952,40,2.5,4,16.7,
885,교량,교량안전과,비우당교,동대문구 용두동 ~ 성동구 상왕십리동,202346.4104,552339.6432,552382.9753,202360.8545,40,2.5,4,16.7,
725,교량,성동도로사업소,고산자교,동대문구 용산동 ~ 성동구 마장동,203351.9928,552485.886,552554.9104,203355.9457,40,2.5,4,16.7,
729,교량,성동도로사업소,무학교,동대문구 용신동 ~ 성동구 왕십리도선동,202676.1158,552236.3185,552272.5032,202680.981,40,2.5,4,16.7,
210,고가,성동도로사업소,이문고가,동대문구 이문동,205930.2328,555573.4841,556129.8443,205976.5644,32,2.5,4,16.7,
887,교량,교량안전과,이화교,동대문구 이문동 ~ 중랑구 중화동,206295.8418,555769.596,555773.6504,206518.3307,40,2.5,4,16.7,
702,교량,성동도로사업소,군자교,동대문구 장안동 ~ 광진구 중곡동,206261.9656,551107.3738,551226.8742,206504.6154,32,2.5,4,16.7,
722,교량,성동도로사업소,장평교,동대문구 장안동 ~ 중랑구 면목동,206806.3312,552473.571,552496.0724,207003.6742,40,2.5,4,16.7,
158,고가,동대문,배봉차도 육교,동대문구 전농동,205613.5508,553182.8758,553199.2643,205615.4098,24,2.5,4,16.7,
215,고가,성동도로사업소,청량제2고가,동대문구 전농동,204567.7026,553975.7631,553998.5371,204606.5886,32,2.5,4,16.7,
216,고가,성동도로사업소,청량제1고가,동대문구 전농동,204755.9515,554254.0779,554294.7557,204880.635,32,2.5,4,16.7,
482,교량,동대문,삼일교 ,동대문구 제기동,203084.682,553695.7318,553697.6179,203149.7531,40,2.5,4,16.7,
735,교량,성동도로사업소,제1제기교,동대문구 제기동,203193.419,554112.3692,554112.3692,203251.1928,32,2.5,4,16.7,
736,교량,성동도로사업소,제2제기교,동대문구 제기동,203279.7756,554259.8443,554313.3611,203310.4869,40,2.5,4,16.7,
733,교량,성동도로사업소,용두교,동대문구 제기동,203015.3086,553177.4226,553178.0308,203060.0072,32,2.5,4,16.7,
805,교량,북부도로사업소,다산교,동대문구 창신동 ~ 성동구 흥인동,201403.1674,552242.2278,552269.8191,201403.8748,40,2.5,4,16.7,
804,교량,북부도로사업소,오간수교,동대문구 창신동 ~ 종로구 청계7가,200855.763,552239.9285,552266.1049,200859.654,40,2.5,4,16.7,
159,고가,동대문,청량차도 육교,동대문구 청량리동,204149.5891,554120.5201,554144.7014,204156.0225,24,2.5,4,16.7,
724,교량,성동도로사업소,중랑교,동대문구 휘경동 ~ 중랑구 상봉동,206099.0588,554729.1801,554802.1575,206300.3548,32,2.5,4,16.7,
163,고가,동작,수산시장고가차도,동작구 노량진동,195033.8278,546093.4375,546230.4452,195257.1404,18,2.5,4,16.7,
269,터널,남부도로사업소,상도터널,동작구 노량진동 ~ 상도동,195607.8294,545091.8405,545805.764,195908.8609,40,2.5,4,16.7,
172,고가,교량안전과,이수고가(A),동작구 동작동 ~ 서초구 반포동,198412.2414,544297.7865,544669.9428,199225.6914,40,2.5,4,16.7,
173,고가,교량안전과,이수고가(B),동작구 동작동 ~ 서초구 반포동,198412.2395,544192.5385,544669.9421,198646.5917,40,2.5,4,16.7,
195,고가,남부도로사업소,노들고가차도,동작구 본동,195830.0241,545902.1365,546134.7155,196298.2877,32,2.5,4,16.7,
611,교량,동작,고구동산교,동작구 본동,195882.4425,545509.6964,545513.6152,195930.3725,40,2.5,4,16.7,
849,교량,공단,노량대교,동작구 본동 ~ 흑석동,195838.3533,545238.1826,546191.2861,197597.9851,40,2.5,4,16.7,
850,교량,공단,노량대교,동작구 본동 ~ 흑석동,195838.3533,545238.1826,546191.2861,197597.9851,40,2.5,4,16.7,
164,고가,동작,흑석유수지 ,동작구 흑석동,196746.914,545415.3396,545451.407,196790.3225,18,2.5,4,16.7,
854,교량,공단,동작교,동작구 흑석동 ~ 서초구 반포동,198049.3784,544975.6598,544977.1182,198209.0797,40,2.5,4,16.7,
161,고가,마포,와우교,마포구 동교동,193867.9044,550657.5627,550706.7165,193896.6307,18,2.5,4,16.7,
436,교량,교량안전과,마포대교,마포구 마포동 ~ 영등포구 여의도동,194833.5113,548584.6594,547802.1391,193834.5956,40,2.5,4,16.7,
836,교량,공단,망원5교,마포구 망원동,190406.8666,550961.0878,551156.886,190569.4849,40,2.5,4,16.7,
838,교량,공단,망원3교,마포구 망원동,190496.5619,550996.0908,551117.8722,190601.9356,40,2.5,4,16.7,
839,교량,공단,망원2교,마포구 망원동,190488.5403,550986.2462,551111.6737,190595.3725,32,2.5,4,16.7,
845,교량,공단,망원1교,마포구 망원동,190477.693,551099.8237,551147.5883,190647.239,32,2.5,4,16.7,
846,교량,공단,망원4교,마포구 망원동,190417.5316,550995.0881,551161.0791,190570.1229,40,2.5,4,16.7,
433,교량,교량안전과,성산대교,마포구 망원동 ~ 영등포구 양화동,190630.1283,550803.6675,549768.0029,190128.4847,32,2.5,4,16.7,
837,교량,공단,당인교,마포구 상수동 ~ 당인동,192899.3744,549262.3467,549344.7497,193044.4912,40,2.5,4,16.7,
879,교량,교량안전과,구룡교,마포구 상암동,188261.8239,553044.6771,553370.0481,189006.8323,40,2.5,4,16.7,
880,교량,교량안전과,월드컵대교 접속교,마포구 상암동,190078.2253,551285.0382,551696.5666,190356.97,40,2.5,4,16.7,
881,교량,교량안전과,월드컵대교 북단램프,마포구 상암동,189907.4309,551266.7931,551440.6284,190071.13,40,2.5,4,16.7,
432,교량,교량안전과,가양대교,마포구 상암동 ~ 강서구 가양동,188021.7727,552714.203,551942.3384,187563.2988,40,2.5,4,16.7,
186,고가,서부도로사업소,수색교,마포구 상암동 ~ 은평구 수색동,189903.2651,554044.7441,554155.9164,190026.7684,40,2.5,4,16.7,
193,고가,서부도로사업소,성산고가,마포구 성산동,191596.9806,552095.6336,552201.9504,191812.5535,40,2.5,4,16.7,
681,교량,서부도로사업소,중암교,마포구 성산동,191113.3102,552549.5559,552613.7223,191183.1384,40,2.5,4,16.7,
682,교량,서부도로사업소,성산2교,마포구 성산동,192164.2381,551766.0781,551813.529,192198.7478,32,2.5,4,16.7,
684,교량,서부도로사업소,성산교,마포구 성산동,191076.6437,551351.6923,551441.2018,191079.879,32,2.5,4,16.7,
685,교량,서부도로사업소,상암교,마포구 성산동,191113.0406,551831.8622,551860.7102,191175.859,40,2.5,4,16.7,
687,교량,서부도로사업소,연남교,마포구 성산동,192600.7317,551990.2563,552017.217,192640.3639,40,2.5,4,16.7,
891,교량,서부도로사업소,성산3교,마포구 성산동,191835.0768,551647.723,551699.4174,191854.3355,40,2.5,4,16.7,
265,터널,서부도로사업소,월드컵터널,마포구 성산동,190832.5462,552338.1476,552585.3013,191011.1126,40,2.5,4,16.7,
686,교량,서부도로사업소,성산1교,마포구 성산동 ~ 망원동,191444.9268,551509.9515,551582.7454,191503.1619,40,2.5,4,16.7,
435,교량,교량안전과,서강대교,마포구 신정동 ~ 영등포구 여의도동,193720.7285,549281.5233,548068.125,193084.0428,40,2.5,4,16.7,
688,교량,서부도로사업소,중동교,마포구 중동,191250.2706,552819.2976,552864.8612,191305.2704,40,2.5,4,16.7,
194,고가,서부도로사업소,잠두봉고가,마포구 합정동,192384.0464,549301.5345,549364.4108,192594.6435,32,2.5,4,16.7,
434,교량,교량안전과,양화대교,마포구 합정동 ~ 영등포구 당산동,191874.8111,549679.7508,548837.8037,191189.4227,40,2.5,4,16.7,
835,교량,공단,서호교,마포구 합정동 ~ 용산구 이촌동,191899.6002,547569.4394,549632.4309,195841.8171,40,2.5,4,16.7,
286,터널,강서도로사업소,작동터널,부천시 작동 ~ 구로구 궁동,184218.3674,545188.438,545200.4786,184426.8403,40,2.5,4,16.7,
674,교량,서부도로사업소,사천교,서대문구 남가좌동 ~ 연희동,192646.9693,552056.5459,552092.6732,192699.2731,32,2.5,4,16.7,
683,교량,서부도로사업소,홍남교,서대문구 남가좌동 ~ 연희동,193484.7729,552852.5941,552908.6723,193521.9786,32,2.5,4,16.7,
189,고가,서부도로사업소,봉원고가,서대문구 대신동,195162.8725,551652.2727,552013.8085,195375.1953,32,2.5,4,16.7,
266,터널,서부도로사업소,금화터널,서대문구 대신동 ~ 현저동,195482.2856,552150.345,552401.4326,196147.2915,40,2.5,4,16.7,
594,교량,서대문,증산3교 ,서대문구 북가좌동,191701.9861,553387.9937,553419.0427,191739.064,32,2.5,4,16.7,
182,고가,서부도로사업소,서소문고가,서대문구 순화동 ~ 중림동,197029.3608,551272.5699,551438.5697,197487.6684,20,2.5,4,16.7,
166,고가,교량안전과,모래내고가차도,서대문구 연남동,192453.9502,551846.8822,551998.9017,193006.3913,20,2.5,4,16.7,
160,고가,서대문,증가로 ,서대문구 연희동,193626.3346,552625.3701,552652.0772,193670.3157,40,2.5,4,16.7,
596,교량,서대문,연가교 ,서대문구 연희동,193079.294,552482.1478,552509.2779,193107.6299,40,2.5,4,16.7,
732,교량,성동도로사업소,용두4교,서대문구 용두동,203024.5828,552719.9457,552722.6824,203080.5321,32,2.5,4,16.7,
598,교량,서대문,충정2교 ,서대문구 충정로3가,196831.6967,551412.0136,551466.274,196859.4298,40,2.5,4,16.7,
183,고가,서부도로사업소,충정교,서대문구 충정로동,196838.7474,551423.8175,551452.4578,196852.2764,32,2.5,4,16.7,
188,고가,서부도로사업소,현저(독립문고가차도),서대문구 현저동,196200.9697,552403.3195,552546.4527,196684.6197,32,2.5,4,16.7,
590,교량,서대문,포방교 ,서대문구 홍은동,195492.3711,555409.7936,555442.3498,195493.5769,40,2.5,4,16.7,
591,교량,서대문,옥천교 ,서대문구 홍은동,195972.2735,555186.7234,555215.6622,195993.9776,24,2.5,4,16.7,
592,교량,서대문,홍제3교 ,서대문구 홍은동,194327.5829,554264.2979,554282.3847,194379.4316,40,2.5,4,16.7,
593,교량,서대문,옥천2교 ,서대문구 홍은동,195629.8306,555262.6879,555269.9226,195659.9752,16,2.5,4,16.7,
595,교량,서대문,홍은대교 ,서대문구 홍은동,195267.7937,555321.7713,555333.8292,195293.1152,32,2.5,4,16.7,
597,교량,서대문,홍전교 ,서대문구 홍은동,195282.2631,555177.0771,555181.9003,195301.5556,40,2.5,4,16.7,
599,교량,서대문,보도교 ,서대문구 홍은동,195899.3235,555239.1751,555268.1139,195915.9031,0,2.5,4,16.7,
600,교량,서대문,옥천3교 ,서대문구 홍은동,196112.1446,555244.2996,555245.5054,196149.5239,40,2.5,4,16.7,
675,교량,서부도로사업소,홍연교,서대문구 홍은동,194361.1302,553355.7817,553415.6345,194362.2087,32,2.5,4,16.7,
676,교량,서부도로사업소,백련교,서대문구 홍은동 ~ 연희동,194432.0369,553658.5503,553682.0061,194458.4583,40,2.5,4,16.7,
678,교량,서부도로사업소,홍연2교,서대문구 홍은동 ~ 연희동,193864.2446,553126.6158,553159.5079,193935.4209,32,2.5,4,16.7,
256,터널,공단,홍지문터널,서대문구 홍은동 ~ 종로구 평창동,196193.6322,555133.5543,556158.6996,197413.7246,40,2.5,4,16.7,
589,교량,서대문,홍은교 ,서대문구 홍제동,195295.2253,554969.6821,554991.3862,195335.6191,40,2.5,4,16.7,
742,교량,동부도로사업소,헌릉교,서초구 내곡동,207509.7267,540249.7086,540258.5267,207531.0118,32,2.5,4,16.7,
660,교량,서초,샘마을육교 ,서초구 내곡동,206267.6146,540477.6014,540501.8419,206281.961,40,2.5,4,16.7,
664,교량,서초,인릉교 ,서초구 내곡동,207934.7678,540479.5802,540499.3683,207942.1883,32,2.5,4,16.7,
672,교량,서초,헌인교,서초구 내곡동,207992.1534,540468.944,540493.6792,207994.1323,40,2.5,4,16.7,
258,터널,성남시,내곡터널,서초구 내곡동 ~ 성남시 상적동,206796.9956,537590.3167,539398.409,206882.5858,40,2.5,4,16.7,
199,고가,남부도로사업소,강남터미널고가,서초구 반포동,199990.9006,544868.1535,545322.2617,200215.2194,32,2.5,4,16.7,
777,교량,남부도로사업소,반포교,서초구 반포동,199117.2605,544398.9569,544446.2708,199130.0118,32,2.5,4,16.7,
855,교량,공단,반포대교통과교,서초구 반포동,199851.1232,545635.0659,545665.329,199900.7108,40,2.5,4,16.7,
856,교량,공단,반포대교통과교,서초구 반포동,199851.1232,545635.0659,545665.329,199900.7108,40,2.5,4,16.7,
628,교량,서초,반포1교 ,서초구 반포동,199811.7942,544521.1034,544551.5495,199827.168,32,2.5,4,16.7,
670,교량,서초,반포천1교 ,서초구 반포동,199705.8581,544467.1434,544487.9209,199716.2469,40,2.5,4,16.7,
671,교량,서초,반포천2교 ,서초구 반포동,199621.2637,544522.0555,544696.1914,199694.4799,40,2.5,4,16.7,
852,교량,공단,신동작2교,서초구 반포동 ~ 동작구 흑석동,198028.2307,545060.2505,545063.8966,198197.412,40,2.5,4,16.7,
853,교량,공단,동작2교,서초구 반포동 ~ 동작구 흑석동,198053.7538,545022.3305,545028.1643,198205.4336,40,2.5,4,16.7,
779,교량,남부도로사업소,사방교,서초구 방배동,198508.8908,542901.0185,542906.723,198557.2114,32,2.5,4,16.7,
781,교량,남부도로사업소,이수교,서초구 방배동,198684.053,544502.3093,544523.7851,198704.5221,40,2.5,4,16.7,
653,교량,서초,방배교 ,서초구 방배동,199316.0194,542243.2917,542275.3224,199331.7957,0,2.5,4,16.7,
859,교량,공단,서초1교,서초구 서초동,201871.637,544031.6717,544094.7501,201892.0554,40,2.5,4,16.7,
273,터널,우면산터널운영회사,우면산터널,서초구 서초동 ~ 우면동,201074.9017,540545.8422,542579.8573,201616.4164,10,2.5,4,16.7,
626,교량,서초,신원교 ,서초구 신원동,204661.1598,539451.9835,539470.0703,204665.983,40,2.5,4,16.7,
654,교량,서초,신원3교 ,서초구 신원동,205251.9751,538555.6991,538556.1772,205273.0102,0,2.5,4,16.7,
655,교량,서초,신원4교 ,서초구 신원동,205099.9488,538970.6638,538988.3524,205111.9006,32,2.5,4,16.7,
751,교량,동부도로사업소,영동2교,서초구 양재동,203846.2624,542192.7312,542364.2281,203905.8606,40,2.5,4,16.7,
780,교량,남부도로사업소,영동1교,서초구 양재동,203420.1423,541602.4025,541793.6716,203420.8134,40,2.5,4,16.7,
858,교량,공단,양재천교,서초구 양재동,202822.1881,541340.2664,541386.9371,202861.2019,40,2.5,4,16.7,
627,교량,서초,원지교 ,서초구 양재동,204075.1483,540203.7904,540237.5524,204085.3975,40,2.5,4,16.7,
656,교량,서초,여의1교,서초구 양재동,203319.3773,541481.7263,541483.1605,203350.9299,0,2.5,4,16.7,
657,교량,서초,여의2교,서초구 양재동,203369.5746,540903.2616,540906.1301,203409.7325,0,2.5,4,16.7,
661,교량,서초,여의교 ,서초구 양재동,203338.4711,541102.9075,541121.7062,203391.8991,40,2.5,4,16.7,
663,교량,서초,매헌다리 ,서초구 양재동,202837.3357,541369.8004,541424.2178,202876.912,40,2.5,4,16.7,
665,교량,서초,매헌교,서초구 양재동,203316.2094,541535.2789,541543.1942,203347.8704,40,2.5,4,16.7,
652,교량,서초,새원교 ,서초구 염곡동,204332.1685,539891.1875,539913.1788,204367.0676,32,2.5,4,16.7,
174,고가,교량안전과,선암고가,서초구 우면동,201706.2273,539938.1271,540317.6392,201848.8073,10,2.5,4,16.7,
776,교량,남부도로사업소,송동교,서초구 우면동,201562.4839,539919.9063,539938.6976,201589.9998,40,2.5,4,16.7,
778,교량,남부도로사업소,주암교,서초구 우면동,202374.2028,540081.6461,540086.6795,202468.4951,32,2.5,4,16.7,
662,교량,서초,우면교 ,서초구 우면동,202762.1407,541255.5237,541317.3617,202812.1058,40,2.5,4,16.7,
666,교량,서초,송동1교 ,서초구 우면동,201090.0405,540374.7029,540385.5864,201110.3233,32,2.5,4,16.7,
667,교량,서초,송동2교,서초구 우면동,201931.5323,539742.9656,539765.722,201965.6669,40,2.5,4,16.7,
668,교량,서초,형촌1교 ,서초구 우면동,201849.9061,540467.2126,540475.6225,201859.8002,40,2.5,4,16.7,
669,교량,서초,형촌2교,서초구 우면동,201914.7124,540252.2636,540265.1259,201928.0694,40,2.5,4,16.7,
762,교량,동부도로사업소,여의천교(여의교),서초구 원지동,204288.6448,539951.2334,539975.7157,204357.3018,32,2.5,4,16.7,
658,교량,서초,새원1교 ,서초구 원지동,204196.6357,539343.3194,539352.4027,204203.8067,32,2.5,4,16.7,
659,교량,서초,새원2교 ,서초구 원지동,204280.2979,539416.9421,539424.5913,204286.9909,32,2.5,4,16.7,
200,고가,남부도로사업소,주흥교,서초구 잠원동,201373.9219,545539.3786,545574.0237,201459.8608,40,2.5,4,16.7,
218,고가,성동도로사업소,금호,성동구 금호동,202070.9927,549385.0381,549515.2602,202284.8279,40,2.5,4,16.7,
883,교량,교량안전과,용비교,성동구 금호동 ~ 성수동,202465.257,549499.0453,549624.7338,202932.5344,40,2.5,4,16.7,
289,터널,성동도로사업소,옥수터널,성동구 금호동 ~ 옥수동,201467.1101,549458.1832,549629.0454,201476.7646,40,2.5,4,16.7,
723,교량,성동도로사업소,제2마장교,성동구 마장동,204066.6389,552069.1547,552174.6679,204193.133,32,2.5,4,16.7,
703,교량,성동도로사업소,성동교,성동구 사근동 ~ 성동구 성동1가2동,203857.3611,550262.0525,550517.4733,203885.9439,32,2.5,4,16.7,
739,교량,성동도로사업소,서울숲다리,성동구 성수1가1동,203260.0109,549329.3104,549356.981,203338.7656,40,2.5,4,16.7,
211,고가,성동도로사업소,영동대교북단고가,성동구 성수동,205298.636,548394.6391,548842.9929,205497.9218,40,2.5,4,16.7,
212,고가,성동도로사업소,뚝섬고가,성동구 성수동,203861.2107,548752.9386,548880.967,203868.0209,40,2.5,4,16.7,
867,교량,공단,뚝도1교,성동구 성수동,203263.4803,549910.1936,550286.2455,203811.847,40,2.5,4,16.7,
868,교량,공단,뚝도2교,성동구 성수동,203282.2322,549902.0847,550262.9323,203819.9559,40,2.5,4,16.7,
290,터널,성동도로사업소,무지개터널,성동구 성수동,203399.1325,549224.4546,549310.2224,203653.2927,40,2.5,4,16.7,
444,교량,교량안전과,성수대교,성동구 성수동 ~ 강남구 압구정동,203125.6587,548871.8887,548403.0322,203064.456,40,2.5,4,16.7,
478,교량,성동,장안교,성동구 송정동,204771.3428,550212.0722,550299.4624,204831.0699,32,2.5,4,16.7,
443,교량,교량안전과,동호대교,성동구 옥수동 ~ 강남구 압구정동,201504.0601,549209.4599,548090.0514,202104.6117,40,2.5,4,16.7,
479,교량,성동,용답교,성동구 용답동,204929.7767,551393.4107,551445.5933,205066.2059,32,2.5,4,16.7,
869,교량,공단,송정교,성동구 용답동 ~ 송정동,205864.4212,550377.9778,550749.9752,205932.3335,40,2.5,4,16.7,
884,교량,교량안전과,응봉교,성동구 응봉동 ~ 성수동,203126.1352,549755.6804,550196.0969,203230.0309,40,2.5,4,16.7,
764,교량,성동도로사업소,전농교,성동구 천호대로,204974.1505,551598.9759,551629.3127,205007.6806,32,2.5,4,16.7,
217,고가,성동도로사업소,행당,성동구 행당동,203446.4396,550949.0541,550965.4479,203477.261,32,2.5,4,16.7,
207,고가,북부도로사업소,미아리구름다리(돈암육교),성북구 돈암동,201828.8533,555339.5738,555418.9206,201939.2229,40,2.5,4,16.7,
790,교량,북부도로사업소,길음교,성북구 돈암동,201953.4483,555775.6056,555825.0391,201962.2644,32,2.5,4,16.7,
209,고가,북부도로사업소,동선고가차도,성북구 동선동,201677.6249,554990.9776,555148.6607,201822.9822,40,2.5,4,16.7,
508,교량,성북,바람마당교,성북구 동선동,201544.0381,554448.2928,554464.9535,201562.2706,40,2.5,4,16.7,
505,교량,성북,희망의다리,성북구 동소문동,200762.2423,554276.0274,554294.8886,200770.4155,40,2.5,4,16.7,
506,교량,성북,늘벚다리 ,성북구 동소문동,200880.1246,554375.3629,554393.2811,200888.6122,40,2.5,4,16.7,
507,교량,성북,물빛다리 ,성북구 동소문동,200980.4032,554474.3841,554486.6439,200991.7199,40,2.5,4,16.7,
810,교량,북부도로사업소,성북3교,성북구 동소문동 ~ 삼선동,201208.8786,554622.243,554646.6507,201229.7489,40,2.5,4,16.7,
490,교량,성북,용문교,성북구 보문동,201797.4066,554156.2589,554167.2613,201823.1835,32,2.5,4,16.7,
491,교량,성북,보문제4교,성북구 보문동,201896.1134,553801.3544,553813.2998,201925.0339,40,2.5,4,16.7,
731,교량,성동도로사업소,안암교,성북구 보문동 ~ 성북구 안암동,201958.505,553625.7774,553640.0688,201990.4326,32,2.5,4,16.7,
281,터널,북부도로사업소,동망봉터널,성북구 보문동 ~ 종로구 창신동,201346.9265,553383.3446,553880.7308,201540.2025,40,2.5,4,16.7,
489,교량,성북,보문제2교 ,성북구 삼선동,201649.5035,554337.7978,554360.7455,201671.1939,40,2.5,4,16.7,
811,교량,북부도로사업소,하늘다리,성북구 삼선동 ~ 동선동,201458.6153,554527.4422,554538.0542,201485.4991,40,2.5,4,16.7,
501,교량,성북,석계교,성북구 석관동,205872.3641,557182.5349,557237.861,205916.3735,40,2.5,4,16.7,
861,교량,공단,돌곶이교,성북구 석관동,206232.9788,557051.8894,557248.7815,206242.4587,40,2.5,4,16.7,
205,고가,북부도로사업소,북악스카이웨이4교,성북구 성북동,199753.6059,555831.0916,555835.2677,199768.819,32,2.5,4,16.7,
275,터널,북부도로사업소,삼청터널,성북구 성북동 ~ 종로구 삼청동,198421.287,554855.0883,555148.8,198556.3021,40,2.5,4,16.7,
492,교량,성북,안암교 ,성북구 안암동,202427.0556,553039.0485,553054.7661,202471.065,40,2.5,4,16.7,
493,교량,성북,보문1교,성북구 안암동,202037.5723,553443.6207,553450.5365,202072.1511,40,2.5,4,16.7,
783,교량,북부도로사업소,안암2교,성북구 안암동,202142.5233,553279.8462,553308.8136,202175.5839,32,2.5,4,16.7,
807,교량,북부도로사업소,보문3교,성북구 안암동 ~ 보문동,201830.7441,554028.8531,554043.71,201860.8116,40,2.5,4,16.7,
789,교량,북부도로사업소,월곡교,성북구 월곡동,203358.9955,555831.0215,555882.0292,203365.6076,32,2.5,4,16.7,
202,고가,북부도로사업소,북악스카이웨이1교,성북구 정릉동,200940.7643,555724.1971,555737.1274,201028.8726,21,2.5,4,16.7,
494,교량,성북,정릉16교,성북구 정릉동,200628.9566,556374.3334,556393.1946,200638.3872,40,2.5,4,16.7,
495,교량,성북,정릉8교,성북구 정릉동,199804.7231,556567.0318,556578.9772,199818.869,40,2.5,4,16.7,
496,교량,성북,정릉13교 ,성북구 정릉동,199870.4229,556522.0793,556528.3664,199877.3387,40,2.5,4,16.7,
497,교량,성북,청수교 ,성북구 정릉동,200781.4178,556565.1457,556566.0888,200798.7072,40,2.5,4,16.7,
498,교량,성북,청덕교 ,성북구 정릉동,200041.7453,557460.7373,557472.6827,200043.0027,23,2.5,4,16.7,
499,교량,성북,청수1교,성북구 정릉동,200357.3557,557349.4563,557353.2286,200377.4742,32,2.5,4,16.7,
502,교량,성북,북악교 ,성북구 정릉동,199772.6591,556578.9772,556587.1504,199773.9166,40,2.5,4,16.7,
504,교량,성북,정릉308교,성북구 정릉동,200696.8569,556820.086,556826.373,200708.1736,23,2.5,4,16.7,
509,교량,성북,늘푸른교,성북구 정릉동,200804.9943,556302.0323,556302.0323,200830.7712,40,2.5,4,16.7,
510,교량,성북,마을마당교-> 예원빌라3교,성북구 정릉동,200759.0987,556662.9095,556666.053,200774.1877,40,2.5,4,16.7,
511,교량,성북,솔샘교 ,성북구 정릉동,200621.8837,557012.1556,557019.7001,200639.1731,40,2.5,4,16.7,
512,교량,성북,정릉771교 ,성북구 정릉동,200284.644,557401.6709,557412.9992,200291.441,40,2.5,4,16.7,
513,교량,성북,청수2교,성북구 정릉동,199920.4393,557486.6331,557488.5211,199932.5228,32,2.5,4,16.7,
514,교량,성북,현진교,성북구 정릉동,200491.291,556442.5418,556453.4925,200498.8432,40,2.5,4,16.7,
515,교량,성북,개울다리,성북구 정릉동,200804.2352,556442.1642,556445.9403,200823.8709,32,2.5,4,16.7,
737,교량,성동도로사업소,종암교,성북구 종암동,203389.5457,554633.8534,554634.4615,203453.4009,32,2.5,4,16.7,
808,교량,북부도로사업소,화랑교,성북구 종암동,194597.2239,541242.7598,541259.7391,194599.7001,40,2.5,4,16.7,
809,교량,북부도로사업소,"장월1,2교",성북구 종암동 ~ 월곡동,203144.3378,555863.3211,555913.1977,203157.7797,40,2.5,4,16.7,
892,교량,북부도로사업소,하월곡복개교,성북구 종암동 ~ 월곡동,203556.0354,555602.856,555686.4794,203610.7708,40,2.5,4,16.7,
503,교량,성북,종월2교 ,성북구 하월곡동,203584.5032,555284.7861,555289.8157,203632.9136,40,2.5,4,16.7,
637,교량,송파,성내3교 ,송파구 거여동,212546.9641,544422.4541,544461.6559,212561.7843,40,2.5,4,16.7,
639,교량,송파,성내2교,송파구 마천동,212784.5649,544414.805,544443.0112,212817.5517,40,2.5,4,16.7,
763,교량,동부도로사업소,복정2교,송파구 문정동,210987.7599,541135.4339,541175.883,211052.6914,40,2.5,4,16.7,
181,고가,동부도로사업소,방이교,송파구 방이동,210829.4345,544976.4936,545116.8394,211044.1239,40,2.5,4,16.7,
754,교량,동부도로사업소,오륜교,송파구 방이동,211590.0742,546335.5656,546451.7213,211654.2335,40,2.5,4,16.7,
758,교량,동부도로사업소,서부교,송파구 방이동,212605.676,546064.333,546102.9502,212617.5348,40,2.5,4,16.7,
743,교량,동부도로사업소,성내교,송파구 신천동,210284.3873,547115.6633,547215.3991,210334.8634,32,2.5,4,16.7,
749,교량,동부도로사업소,잠실호수교,송파구 신천동,209067.1855,545561.8534,545652.467,209132.8652,40,2.5,4,16.7,
448,교량,교량안전과,잠실철교(도로교),송파구 신천동 ~ 광진구 구의동,209053.1684,547089.2232,548231.0362,208469.0104,32,2.5,4,16.7,
750,교량,동부도로사업소,성내5교 ,송파구 오금동,212152.9122,544673.962,544694.0308,212164.467,40,2.5,4,16.7,
638,교량,송파,성내7교 ,송파구 오금동,212056.9424,545128.0854,545154.3793,212107.1398,40,2.5,4,16.7,
640,교량,송파,성내4교 ,송파구 오금동,212506.8063,544449.7041,544496.0769,212524.4949,40,2.5,4,16.7,
641,교량,송파,성내6교,송파구 오금동,212062.6793,544947.375,544973.1907,212120.5257,40,2.5,4,16.7,
745,교량,동부도로사업소,삼성교,송파구 잠실동,206005.1765,545631.1819,545680.1376,206229.5819,32,2.5,4,16.7,
755,교량,동부도로사업소,탄천2교,송파구 잠실동,206338.4398,544769.2887,544867.8081,206581.0896,40,2.5,4,16.7,
822,교량,공단,상행1교,송파구 잠실동,208068.4049,546484.6188,546510.8711,208127.1079,40,2.5,4,16.7,
823,교량,공단,상행2교,송파구 잠실동,208701.3764,546834.2845,546864.7299,208743.3071,40,2.5,4,16.7,
828,교량,공단,하행3교,송파구 잠실동,208676.4003,546871.8399,546903.1968,208718.6956,40,2.5,4,16.7,
829,교량,공단,하행4교,송파구 잠실동,208060.7935,546514.2437,546535.756,208115.4858,40,2.5,4,16.7,
818,교량,공단,청담2교,송파구 잠실동 ~ 강남구 삼성동,205628.0257,546551.2855,546795.6791,206280.2349,40,2.5,4,16.7,
820,교량,공단,신천1교,송파구 잠실동 ~ 풍납동,209055.7822,547101.7296,547219.1356,209175.7405,40,2.5,4,16.7,
744,교량,동부도로사업소,장지1교,송파구 장지동,211237.9584,541863.4208,541886.5303,211240.391,40,2.5,4,16.7,
756,교량,동부도로사업소,장지2교,송파구 장지동,211646.9357,540939.1928,540967.1674,211657.8824,40,2.5,4,16.7,
824,교량,공단,상행3교,송파구 풍납동,210201.5847,548787.7092,548819.4307,210230.7539,40,2.5,4,16.7,
827,교량,공단,하행2교,송파구 풍납동,210173.8739,548808.3099,548843.6775,210207.7831,40,2.5,4,16.7,
821,교량,공단,신천2교,송파구 풍납동 ~ 잠실동,209009.4761,547121.9657,547233.9025,209134.9036,40,2.5,4,16.7,
704,교량,강서도로사업소,목동교,양천구 목동,189946.733,547892.2643,547978.0127,190251.4136,32,2.5,4,16.7,
889,교량,교량안전과,양평교,양천구 목동 ~ 영등포구 양평동,189705.2143,548771.3317,548951.7555,190400.5555,40,2.5,4,16.7,
890,교량,교량안전과,양화교,양천구 목동 ~ 영등포구 양화동,189405.4371,549800.6596,549829.0409,189507.8124,32,2.5,4,16.7,
162,고가,양천,신강 ,양천구 신월동,185868.9295,547386.7717,547523.808,185933.1249,18,2.5,4,16.7,
717,교량,강서도로사업소,신정교 접속교,양천구 신정2동,188948.0072,546405.6543,546499.9167,189251.4715,40,2.5,4,16.7,
708,교량,강서도로사업소,오금교,양천구 신정동 ~ 구로구 신림동,188740.4778,545350.8271,545561.8534,188901.4842,40,2.5,4,16.7,
888,교량,교량안전과,신정교,양천구 신정동 ~ 영등포구 문래동,189258.7161,546309.7631,546402.5091,189547.5969,40,2.5,4,16.7,
605,교량,구로,구로2교 ,영등포구 대림동,190733.1379,543608.7764,543641.9355,190777.1491,32,2.5,4,16.7,
606,교량,구로,신도림교 ,영등포구 대림동,190568.8497,545312.5505,545344.8053,190623.1101,32,2.5,4,16.7,
768,교량,남부도로사업소,구로교,영등포구 대림동 ~ 구로구 구로동,191409.7063,542798.9245,542881.4722,191461.7181,32,2.5,4,16.7,
171,고가,교량안전과,보라매고가,영등포구 대림동 ~ 동작구 신대방동,191197.9038,542837.7918,543376.1882,192653.6589,40,2.5,4,16.7,
169,고가,남부도로사업소,도림고가,영등포구 문래동 ~ 도림동,190926.189,545556.3605,545948.6514,191110.0722,32,2.5,4,16.7,
197,고가,교량안전과,도림천고가,영등포구 문래동 ~ 도림동,190404.3336,545170.7271,545737.3864,190905.9881,40,2.5,4,16.7,
714,교량,강서도로사업소,도림교(구로),영등포구 문래동2가 ~ 신도림동,190334.8815,545660.3728,545696.5575,190394.1756,32,2.5,4,16.7,
196,고가,남부도로사업소,신길,영등포구 신길동,192627.4442,546382.8848,546433.1558,192645.2408,40,2.5,4,16.7,
707,교량,강서도로사업소,오목교,영등포구 양평동 ~ 양천구 목동,189248.8869,547134.5158,547188.0326,189508.5647,40,2.5,4,16.7,
765,교량,강서도로사업소,여의하류2교,영등포구 여의도동,191960.0038,548024.017,548131.3681,191998.5941,40,2.5,4,16.7,
771,교량,남부도로사업소,여의교,영등포구 여의도동,193558.6305,546160.5614,546357.1993,193666.0096,32,2.5,4,16.7,
873,교량,공단,여의하류3교,영등포구 여의도동,192030.9582,548192.7465,548196.0408,192050.7238,40,2.5,4,16.7,
713,교량,강서도로사업소,서울교,영등포구 여의도동,192490.7548,546738.9176,546873.9258,192661.6434,40,2.5,4,16.7,
716,교량,강서도로사업소,여의2교,영등포구 여의도동,192156.2751,547374.1249,547469.6036,192315.0009,40,2.5,4,16.7,
170,고가,교량안전과,영등포역고가,영등포구 영등포동~문래동,191325.1272,546017.1034,546377.8032,191921.243,40,2.5,4,16.7,
477,교량,용산,백범교,용산구 도원동,196147.6979,548968.8063,548983.5809,196181.0193,40,2.5,4,16.7,
190,고가,서부도로사업소,옥천고가,용산구 문배동 ~ 한강로동,197065.3714,548256.6025,548528.8354,197397.9658,32,2.5,4,16.7,
476,교량,용산,서계교 ,용산구 서계동,196842.1036,550256.7104,550263.9405,196877.3111,32,2.5,4,16.7,
841,교량,공단,반포대교북단교,용산구 서빙고동,199228.0874,546476.6884,546632.379,199496.0794,32,2.5,4,16.7,
842,교량,공단,동빙고다리,용산구 서빙고동,199220.4305,546468.12,546745.2273,199688.5961,40,2.5,4,16.7,
843,교량,공단,동빙고다리,용산구 서빙고동,199220.4305,546468.12,546745.2273,199688.5961,40,2.5,4,16.7,
847,교량,공단,두모교접속교,용산구 서빙고동,199668.0865,546750.7877,546847.0461,199827.0586,40,2.5,4,16.7,
440,교량,교량안전과,반포대교,용산구 서빙고동 ~ 서초구 반포동,199508.6879,546595.0933,545661.8886,199869.3467,40,2.5,4,16.7,
441,교량,교량안전과,잠수교,용산구 서빙고동 ~ 서초구 반포동,199448.9879,546898.7844,545521.177,199920.5766,32,2.5,4,16.7,
832,교량,공단,두모교,용산구 서빙고동 ~ 성동구 금호동4가,199710.1995,546751.2435,549346.9373,202494.7639,40,2.5,4,16.7,
833,교량,공단,두모교,용산구 서빙고동 ~ 성동구 금호동4가,199710.1995,546751.2435,549346.9373,202494.7639,40,2.5,4,16.7,
834,교량,공단,두모교,용산구 서빙고동 ~ 성동구 금호동4가,199710.1995,546751.2435,549346.9373,202494.7639,40,2.5,4,16.7,
437,교량,교량안전과,원효대교,용산구 원효로 ~ 영등포구 여의도동,195691.4421,547830.8279,547087.6521,194556.3231,32,2.5,4,16.7,
840,교량,공단,원효대교북단교,용산구 원효로4가 ~ 이촌동,195530.0713,547838.8899,548021.9266,195709.4619,32,2.5,4,16.7,
157,고가,용산,이촌고가차도,용산구 이촌동,196181.0244,547179.1153,547349.058,196374.55,18,2.5,4,16.7,
187,고가,서부도로사업소,한강로다리,용산구 이촌동,196640.8839,547028.5166,547057.153,196655.7987,32,2.5,4,16.7,
439,교량,교량안전과,동작대교,용산구 이촌동 ~ 동작구 동작동,198512.6411,546259.0248,545042.7576,198255.9449,40,2.5,4,16.7,
844,교량,공단,서빙고다리,용산구 이촌동 ~ 서빙고동,197339.7465,546454.9938,546564.3783,197549.0355,40,2.5,4,16.7,
848,교량,공단,원효로접속교(청암교),용산구 청암동,195197.7248,548247.3498,548334.4928,195398.6276,40,2.5,4,16.7,
192,고가,서부도로사업소,삼각지고가,용산구 한강로동,197149.3299,548502.6969,548677.7969,197602.7403,32,2.5,4,16.7,
438,교량,교량안전과,한강대교,용산구 한강로동 ~ 동작구 노량진동,196599.2368,546940.7929,546097.8895,196161.4598,40,2.5,4,16.7,
167,고가,교량안전과,한남1고가,용산구 한남동,200104.1554,548787.8037,549242.7481,200374.5494,40,2.5,4,16.7,
168,고가,교량안전과,두무고개다리고가,용산구 한남동,200920.8999,547857.3164,549012.0465,201573.1933,40,2.5,4,16.7,
184,고가,서부도로사업소,한남2고가차도,용산구 한남동,200586.4804,548069.321,548361.1472,200766.1923,20,2.5,4,16.7,
185,고가,서부도로사업소,소월(남산관광),용산구 한남동,200158.6259,549335.1704,549530.5225,200229.0954,20,2.5,4,16.7,
442,교량,교량안전과,한남대교,용산구 한남동 ~ 서초구 잠원동,200992.1705,547720.6493,547309.7169,201295.9982,40,2.5,4,16.7,
473,교량,용산,새말교,용산구 후암동,198386.5197,549981.8087,550017.9593,198399.0939,32,2.5,4,16.7,
474,교량,용산,구닥다리교,용산구 후암동,198434.6157,549861.2543,549882.9447,198439.9597,32,2.5,4,16.7,
277,터널,북부도로사업소,구기터널,은평구 불광동 ~ 종로구 구기동,195416.0929,556577.8704,556721.0314,196017.8138,40,2.5,4,16.7,
247,터널,은평,은평,은평구 수색동 ~ 신사동,191330.4478,554213.2905,554479.3772,191541.5248,40,2.5,4,16.7,
568,교량,은평,신흥상가교 ,은평구 신사동 ~ 응암동,192490.1173,555119.5009,555132.1616,192549.5022,24,2.5,4,16.7,
677,교량,서부도로사업소,신응교,은평구 신사동 ~ 응암동,192418.073,554727.8115,554776.0711,192467.4111,32,2.5,4,16.7,
567,교량,은평,와산교,은평구 응암동,192333.9682,554353.2246,554354.7318,192384.9126,40,2.5,4,16.7,
679,교량,서부도로사업소,증산2교,은평구 증산동,192094.2751,553839.4566,553874.5055,192136.3338,32,2.5,4,16.7,
673,교량,서부도로사업소,증산교,은평구 증산동 ~ 서대문구 북가좌동,191417.2921,553010.6849,553075.3905,191471.2134,32,2.5,4,16.7,
570,교량,은평,삼천교 ,은평구 진관동,194708.7616,560544.4781,560554.1244,194754.28,40,2.5,4,16.7,
571,교량,은평,상림교,은평구 진관동,193588.5874,560674.7029,560704.8475,193622.9523,40,2.5,4,16.7,
572,교량,은평,삼각산교 ,은평구 진관동,193742.325,560502.8785,560534.8318,193783.9246,40,2.5,4,16.7,
573,교량,은평,못자리교 ,은평구 진관동,193983.482,560349.7438,560361.8017,193999.1572,40,2.5,4,16.7,
574,교량,은평,진관교,은평구 진관동,193178.7713,559287.4473,559303.1225,193209.2173,40,2.5,4,16.7,
575,교량,은평,하늬버들잎다리 ,은평구 진관동,193305.6801,559188.5729,559207.8655,193347.2797,40,2.5,4,16.7,
576,교량,은평,새버들잎다리 ,은평구 진관동,193532.9706,559211.1814,559235.5985,193548.0429,40,2.5,4,16.7,
577,교량,은평,만남의다리 ,은평구 진관동,193687.0096,559108.5389,559133.559,193710.221,38,2.5,4,16.7,
578,교량,은평,구파발교 ,은평구 진관동,192926.7622,559447.3645,559449.7761,192965.9502,38,2.5,4,16.7,
579,교량,은평,배다리,은평구 진관동,192661.6402,560345.825,560359.0886,192688.7704,40,2.5,4,16.7,
580,교량,은평,금계수교 ,은평구 진관동,192733.6859,560022.3732,560023.579,192770.4623,40,2.5,4,16.7,
581,교량,은평,탑동교,은평구 진관동,192693.2921,560203.8438,560209.5713,192721.9295,40,2.5,4,16.7,
582,교량,은평,물푸레교 ,은평구 진관동,192549.5022,559383.3072,559414.3561,192551.0095,40,2.5,4,16.7,
583,교량,은평,금란교,은평구 진관동,192625.4667,560407.0186,560422.0909,192635.7159,40,2.5,4,16.7,
584,교량,은평,옥란교 ,은평구 진관동,192683.0429,560269.8606,560279.2054,192707.4601,40,2.5,4,16.7,
585,교량,은평,금방아다리 ,은평구 진관동,192740.6192,559942.7914,559943.6957,192777.697,40,2.5,4,16.7,
586,교량,은평,옥방아다리 ,은평구 진관동,192844.6181,559490.4713,559511.2711,192845.221,40,2.5,4,16.7,
587,교량,은평,밥할머니교 ,은평구 진관동,194265.7864,558705.5053,558729.621,194290.8064,40,2.5,4,16.7,
588,교량,은평,폭포동교 ,은평구 진관동,194187.7118,558717.2617,558734.1427,194188.9176,40,2.5,4,16.7,
696,교량,서부도로사업소,진관천교,은평구 진관동,194657.2935,560555.9384,560645.1783,194661.8768,40,2.5,4,16.7,
697,교량,서부도로사업소,삼천골다리(입곡교),은평구 진관동,194526.8037,561437.8227,561505.2244,194573.7153,40,2.5,4,16.7,
700,교량,서부도로사업소,반딧불이다리,은평구 진관동,193764.6249,558883.5665,558915.6497,193815.5806,40,2.5,4,16.7,
701,교량,서부도로사업소,은평지문,은평구 진관동,192481.5655,560430.5711,560499.0513,192503.6732,40,2.5,4,16.7,
680,교량,서부도로사업소,홍제교,은평구 홍은동,195049.3019,554703.9849,554729.328,195108.8851,32,2.5,4,16.7,
699,교량,서부도로사업소,홍제2교,은평구 홍은동 ~ 홍제동,194829.8419,554589.2672,554664.2179,194873.5182,32,2.5,4,16.7,
693,교량,서부도로사업소,수표교,종로구 관수동 ~ 중구 수표동,199126.8373,552060.0845,552085.9668,199128.4549,40,2.5,4,16.7,
691,교량,서부도로사업소,장통교,종로구 관철동 ~ 중구 삼각동,198728.3582,552081.3834,552105.3785,198735.6376,40,2.5,4,16.7,
692,교량,서부도로사업소,삼일교,종로구 관철동 ~ 중구 장교동,198912.4998,552053.0747,552081.3834,198913.5782,40,2.5,4,16.7,
274,터널,북부도로사업소,사직터널,종로구 교남동 ~ 사직동,196819.7531,552553.5783,552658.5972,196919.2987,40,2.5,4,16.7,
463,교량,종로,구기1교,종로구 구기동,196179.0769,556778.4,556795.124,196193.0643,24,2.5,4,16.7,
464,교량,종로,구기2교,종로구 구기동,196198.2335,556798.7729,556799.6851,196223.4715,24,2.5,4,16.7,
465,교량,종로,구기3교,종로구 구기동,196241.4118,556807.895,556858.6751,196275.7719,24,2.5,4,16.7,
204,고가,북부도로사업소,북악스카이웨이2교,종로구 부암동,197348.5832,555263.5406,555300.7277,197400.4781,32,2.5,4,16.7,
278,터널,북부도로사업소,자하문터널,종로구 부암동 ~ 청운동,196816.5735,554437.468,554839.7555,197079.2919,40,2.5,4,16.7,
203,고가,북부도로사업소,북악스카이웨이3교,종로구 북암동,197004.9545,554739.3271,554821.6568,197035.3807,40,2.5,4,16.7,
470,교량,종로,일청교,종로구 삼청동,198415.7546,554779.6208,554845.635,198463.5362,16,2.5,4,16.7,
690,교량,서부도로사업소,광교,종로구 서린동 ~ 중구 남대문로5가,198478.163,552136.3833,552163.0743,198479.2414,40,2.5,4,16.7,
695,교량,서부도로사업소,광통교,종로구 서린동 ~ 중구 다동,198320.1733,552152.5597,552174.1282,198321.791,40,2.5,4,16.7,
689,교량,서부도로사업소,모전교,종로구 서린동 ~ 중구 무교동,198170.5415,552163.344,552186.5302,198172.9679,40,2.5,4,16.7,
462,교량,종로,세검3교,종로구 신영동,196740.6986,556039.5041,556050.4507,196757.1186,24,2.5,4,16.7,
466,교량,종로,신영교,종로구 신영동,196568.1376,555791.0769,555794.4217,196607.971,40,2.5,4,16.7,
475,교량,종로,세검2교,종로구 신영동,196686.8132,556000.5678,556023.2012,196692.4716,16,2.5,4,16.7,
801,교량,북부도로사업소,배오개다리,종로구 예지동 ~ 주교동,199816.4905,552135.3999,552160.5151,199818.9666,40,2.5,4,16.7,
471,교량,종로,동숭교,종로구 이화동,200661.4922,553031.9755,553045.1784,200677.5242,24,2.5,4,16.7,
800,교량,북부도로사업소,세운교,종로구 장사동 ~ 산림동,199584.1063,552103.9914,552127.6061,199586.6252,40,2.5,4,16.7,
694,교량,서부도로사업소,관수교,종로구 장사동 ~ 중구 입정동,199324.8636,552079.631,552103.0868,199328.0989,40,2.5,4,16.7,
802,교량,북부도로사업소,마전교,종로구 종로5가 ~ 방산동,200178.7148,552222.4186,552245.0576,200180.4835,40,2.5,4,16.7,
803,교량,북부도로사업소,전태일다리(버들다리),종로구 종로5가 ~ 중구 을지로6가,200586.5709,552225.7791,552248.0644,200591.8769,40,2.5,4,16.7,
782,교량,북부도로사업소,진형교,종로구 평창동,197292.6928,556318.429,556327.8748,197319.1412,40,2.5,4,16.7,
456,교량,종로,평창5교,종로구 평창동,198199.79,557266.3602,557315.6199,198225.3321,24,2.5,4,16.7,
457,교량,종로,평창4교,종로구 평창동,198192.4923,557268.7928,557309.5385,198198.5738,24,2.5,4,16.7,
458,교량,종로,평창3교,종로구 평창동,198034.3747,557086.6534,557090.6063,198053.8353,24,2.5,4,16.7,
459,교량,종로,평창7교,종로구 평창동,197553.1801,556422.2552,556428.3367,197568.0796,24,2.5,4,16.7,
460,교량,종로,평창2교,종로구 평창동,197312.0507,556306.7077,556312.4851,197325.4299,32,2.5,4,16.7,
461,교량,종로,평창6교,종로구 평창동,197130.8235,556270.5231,556279.3412,197135.3846,32,2.5,4,16.7,
472,교량,종로,평창8교,종로구 평창동,197377.7611,556286.4718,556304.0756,197386.8773,24,2.5,4,16.7,
276,터널,북부도로사업소,북악터널,종로구 평창동 ~ 성북구 정릉동,198286.4966,556897.3743,556907.2946,199097.9134,40,2.5,4,16.7,
255,터널,공단,정릉터널(내부순환로,종로구 평창동 ~ 성북구 정릉동,197792.0065,556410.3411,556687.3927,199306.5004,40,2.5,4,16.7,
799,교량,북부도로사업소,세검1교,종로구 홍지동,196393.9171,555697.8345,555709.4844,196413.1237,40,2.5,4,16.7,
467,교량,종로,세검8교,종로구 홍지동,196273.7955,555636,555651.8118,196291.7357,32,2.5,4,16.7,
468,교량,종로,홍지교,종로구 홍지동,196232.1376,555574.8814,555585.524,196248.5575,24,2.5,4,16.7,
469,교량,종로,옥천제3교,종로구 홍지동,196049.8911,555505.6789,555522.2199,196070.5673,24,2.5,4,16.7,
165,고가,서부도로사업소,남산육교,중구 남산동,197890.8733,550839.4282,550975.7586,197917.933,32,2.5,4,16.7,
288,터널,성동도로사업소,금호터널,중구 신당동 ~ 성동구 금호동,201165.5754,549970.5452,550246.2598,201345.4185,40,2.5,4,16.7,
262,터널,서부도로사업소,남산1호터널,중구 예장동 ~ 용산구 한남동,199414.3385,549298.9267,550609.611,200075.5816,40,2.5,4,16.7,
191,고가,서부도로사업소,염천교,중구 의주로동,197358.9097,551110.7007,551118.6547,197446.9162,32,2.5,4,16.7,
263,터널,서부도로사업소,남산2호터널,중구 장충동 ~ 용산구 이태원동,199123.9115,549455.2579,550630.1359,200209.1643,40,2.5,4,16.7,
738,교량,성동도로사업소,황학교,중구 황학동,202064.7023,552433.5855,552491.9674,202065.0063,40,2.5,4,16.7,
264,터널,서부도로사업소,남산3호터널,중구 회현동 ~ 용산구 용산동,198510.5599,549472.704,550677.1721,198961.0809,40,2.5,4,16.7,
214,고가,성동도로사업소,용마고가,중랑구 면목동,207688.2877,552722.6203,552793.0182,207739.5947,40,2.5,4,16.7,
865,교량,공단,면목천교,중랑구 면목동,206966.2227,553030.6131,553089.9097,206972.3044,40,2.5,4,16.7,
721,교량,성동도로사업소,장안교,중랑구 면목동,206726.6643,553419.8443,553506.505,206920.6624,32,2.5,4,16.7,
728,교량,성동도로사업소,면목교,중랑구 면목동,207033.3213,553044.9991,553140.1738,207042.4434,40,2.5,4,16.7,
283,터널,용마터널관리회사,용마터널,중랑구 면목동 ~ 구리시 아천동,208132.5327,553031.6156,553440.659,210882.6581,40,2.5,4,16.7,
485,교량,중랑,묵동연결교 ,중랑구 묵동,207208.6786,556825.9015,556843.1909,207224.7106,40,2.5,4,16.7,
557,교량,노원,구묵동교 ,중랑구 묵동,206950.7947,557607.3367,557644.1131,206965.2641,32,2.5,4,16.7,
866,교량,공단,묵동천교,중랑구 묵동,206346.9028,557280.2019,557492.0478,206394.5428,40,2.5,4,16.7,
871,교량,공단,두물다리,중랑구 묵동,207756.2103,557691.4769,557827.3016,207944.7431,40,2.5,4,16.7,
730,교량,성동도로사업소,신내교,중랑구 신내교,208828.1086,557070.6136,557142.9828,208856.6914,32,2.5,4,16.7,
484,교량,중랑,구신내교,중랑구 신내동,208833.2547,557086.9716,557142.9264,208857.1455,40,2.5,4,16.7,
486,교량,중랑,새안교,중랑구 신내동,208606.2918,557320.6931,557333.8959,208608.178,40,2.5,4,16.7,
487,교량,중랑,새우개다리,중랑구 신내동,208692.1102,557236.1321,557303.718,208713.4862,40,2.5,4,16.7,
870,교량,공단,신내1교,중랑구 신내동,208992.9496,557344.5665,557383.084,209120.1585,40,2.5,4,16.7,
